datetime,cpu,mem
Tue Oct 10 13:04:40 UTC 2023,1.7,149521
Tue Oct 10 13:04:41 UTC 2023,1.7,141752
Tue Oct 10 13:04:41 UTC 2023,1.7,141689
Tue Oct 10 13:04:42 UTC 2023,1.7,141785
Tue Oct 10 13:04:42 UTC 2023,1.7,141673
Tue Oct 10 13:04:43 UTC 2023,1.7,141677
Tue Oct 10 13:04:43 UTC 2023,1.7,147458
Tue Oct 10 13:04:44 UTC 2023,1.7,144594
Tue Oct 10 13:04:44 UTC 2023,1.7,147007
Tue Oct 10 13:04:45 UTC 2023,1.7,144298
Tue Oct 10 13:04:45 UTC 2023,1.7,147275
Tue Oct 10 13:04:45 UTC 2023,1.7,144282
Tue Oct 10 13:04:46 UTC 2023,1.7,147149
Tue Oct 10 13:04:47 UTC 2023,1.7,144360
Tue Oct 10 13:04:47 UTC 2023,1.7,147225
Tue Oct 10 13:04:48 UTC 2023,1.7,144456
Tue Oct 10 13:04:48 UTC 2023,1.7,147233
Tue Oct 10 13:04:49 UTC 2023,1.7,144504
Tue Oct 10 13:04:49 UTC 2023,1.7,147297
Tue Oct 10 13:04:50 UTC 2023,1.7,147273
Tue Oct 10 13:04:50 UTC 2023,1.7,144772
Tue Oct 10 13:04:51 UTC 2023,1.7,147018
Tue Oct 10 13:04:51 UTC 2023,1.7,144683
Tue Oct 10 13:04:52 UTC 2023,1.7,147090
Tue Oct 10 13:04:52 UTC 2023,1.7,144641
Tue Oct 10 13:04:53 UTC 2023,1.7,147158
Tue Oct 10 13:04:53 UTC 2023,1.7,144473
Tue Oct 10 13:04:54 UTC 2023,1.7,147115
Tue Oct 10 13:04:54 UTC 2023,1.7,145773
Tue Oct 10 13:04:55 UTC 2023,1.7,145168
Tue Oct 10 13:04:55 UTC 2023,1.7,147435
Tue Oct 10 13:04:56 UTC 2023,1.7,144754
Tue Oct 10 13:04:56 UTC 2023,1.7,147447
Tue Oct 10 13:04:57 UTC 2023,1.7,144927
Tue Oct 10 13:04:57 UTC 2023,1.7,147327
Tue Oct 10 13:04:58 UTC 2023,1.7,144892
Tue Oct 10 13:04:58 UTC 2023,1.7,147243
Tue Oct 10 13:04:59 UTC 2023,1.7,144892
Tue Oct 10 13:04:59 UTC 2023,1.7,145909
Tue Oct 10 13:05:00 UTC 2023,1.7,144972
Tue Oct 10 13:05:00 UTC 2023,1.7,147335
Tue Oct 10 13:05:01 UTC 2023,1.7,144908
Tue Oct 10 13:05:01 UTC 2023,1.7,147371
Tue Oct 10 13:05:02 UTC 2023,1.7,146119
Tue Oct 10 13:05:02 UTC 2023,1.7,145116
Tue Oct 10 13:05:03 UTC 2023,1.7,147499
Tue Oct 10 13:05:03 UTC 2023,1.7,145075
Tue Oct 10 13:05:04 UTC 2023,1.7,145184
Tue Oct 10 13:05:04 UTC 2023,1.7,146955
Tue Oct 10 13:05:05 UTC 2023,1.7,147743
Tue Oct 10 13:05:05 UTC 2023,1.7,145179
Tue Oct 10 13:05:06 UTC 2023,1.7,147755
Tue Oct 10 13:05:06 UTC 2023,1.7,145091
Tue Oct 10 13:05:07 UTC 2023,1.7,147875
Tue Oct 10 13:05:07 UTC 2023,1.7,145154
Tue Oct 10 13:05:08 UTC 2023,1.7,147871
Tue Oct 10 13:05:08 UTC 2023,1.7,145142
Tue Oct 10 13:05:09 UTC 2023,1.7,147703
Tue Oct 10 13:05:09 UTC 2023,1.7,145186
Tue Oct 10 13:05:10 UTC 2023,1.7,148019
Tue Oct 10 13:05:10 UTC 2023,1.7,145226
Tue Oct 10 13:05:11 UTC 2023,1.7,147349
Tue Oct 10 13:05:12 UTC 2023,1.7,147875
Tue Oct 10 13:05:12 UTC 2023,1.7,145250
Tue Oct 10 13:05:13 UTC 2023,1.7,148063
Tue Oct 10 13:05:13 UTC 2023,1.7,145214
Tue Oct 10 13:05:14 UTC 2023,1.7,147951
Tue Oct 10 13:05:14 UTC 2023,1.7,147963
Tue Oct 10 13:05:15 UTC 2023,1.7,145483
Tue Oct 10 13:05:15 UTC 2023,1.7,147803
Tue Oct 10 13:05:16 UTC 2023,1.7,145552
Tue Oct 10 13:05:16 UTC 2023,1.7,145166
Tue Oct 10 13:05:17 UTC 2023,1.7,147863
Tue Oct 10 13:05:17 UTC 2023,1.7,145350
Tue Oct 10 13:05:18 UTC 2023,1.7,147863
Tue Oct 10 13:05:18 UTC 2023,1.7,145515
Tue Oct 10 13:05:19 UTC 2023,1.7,147839
Tue Oct 10 13:05:19 UTC 2023,1.7,145407
Tue Oct 10 13:05:20 UTC 2023,1.7,147843
Tue Oct 10 13:05:20 UTC 2023,1.7,145530
Tue Oct 10 13:05:21 UTC 2023,1.7,148007
Tue Oct 10 13:05:21 UTC 2023,1.7,145519
Tue Oct 10 13:05:22 UTC 2023,1.7,147995
Tue Oct 10 13:05:22 UTC 2023,1.7,145382
Tue Oct 10 13:05:23 UTC 2023,1.7,145346
Tue Oct 10 13:05:23 UTC 2023,1.7,145352
Tue Oct 10 13:05:24 UTC 2023,1.7,148107
Tue Oct 10 13:05:24 UTC 2023,1.7,146587
Tue Oct 10 13:05:25 UTC 2023,1.7,146423
Tue Oct 10 13:05:25 UTC 2023,1.7,147987
Tue Oct 10 13:05:26 UTC 2023,1.7,145604
Tue Oct 10 13:05:26 UTC 2023,1.7,148016
Tue Oct 10 13:05:27 UTC 2023,1.7,145403
Tue Oct 10 13:05:27 UTC 2023,1.7,148219
Tue Oct 10 13:05:28 UTC 2023,1.7,145466
Tue Oct 10 13:05:28 UTC 2023,1.7,148323
Tue Oct 10 13:05:29 UTC 2023,1.7,145815
Tue Oct 10 13:05:29 UTC 2023,1.7,148159
Tue Oct 10 13:05:30 UTC 2023,1.7,145859
Tue Oct 10 13:05:30 UTC 2023,1.7,148283
Tue Oct 10 13:05:31 UTC 2023,1.7,145642
Tue Oct 10 13:05:31 UTC 2023,1.7,148355
Tue Oct 10 13:05:32 UTC 2023,1.7,146829
Tue Oct 10 13:05:33 UTC 2023,1.7,145938
Tue Oct 10 13:05:33 UTC 2023,1.7,148287
Tue Oct 10 13:05:34 UTC 2023,1.7,148367
Tue Oct 10 13:05:35 UTC 2023,1.7,146019
Tue Oct 10 13:05:35 UTC 2023,1.7,148211
Tue Oct 10 13:05:36 UTC 2023,1.7,145866
Tue Oct 10 13:05:36 UTC 2023,1.7,148207
Tue Oct 10 13:05:37 UTC 2023,1.7,145598
Tue Oct 10 13:05:37 UTC 2023,1.7,148371
Tue Oct 10 13:05:38 UTC 2023,1.7,145940
Tue Oct 10 13:05:38 UTC 2023,1.7,147707
Tue Oct 10 13:05:39 UTC 2023,1.7,148183
Tue Oct 10 13:05:40 UTC 2023,1.7,147099
Tue Oct 10 13:05:40 UTC 2023,1.7,145892
Tue Oct 10 13:05:41 UTC 2023,1.7,147271
Tue Oct 10 13:05:41 UTC 2023,1.7,145916
Tue Oct 10 13:05:42 UTC 2023,1.7,148275
Tue Oct 10 13:05:42 UTC 2023,1.7,146951
Tue Oct 10 13:05:43 UTC 2023,1.7,146606
Tue Oct 10 13:05:43 UTC 2023,1.7,147939
Tue Oct 10 13:05:44 UTC 2023,1.7,146410
Tue Oct 10 13:05:44 UTC 2023,1.7,148827
Tue Oct 10 13:05:45 UTC 2023,1.7,147533
Tue Oct 10 13:05:46 UTC 2023,1.7,146487
Tue Oct 10 13:05:46 UTC 2023,1.7,148847
Tue Oct 10 13:05:46 UTC 2023,1.7,146290
Tue Oct 10 13:05:47 UTC 2023,1.7,149035
Tue Oct 10 13:05:47 UTC 2023,1.7,146330
Tue Oct 10 13:05:48 UTC 2023,1.7,149055
Tue Oct 10 13:05:49 UTC 2023,1.7,148999
Tue Oct 10 13:05:49 UTC 2023,1.7,146515
Tue Oct 10 13:05:49 UTC 2023,1.7,148771
Tue Oct 10 13:05:50 UTC 2023,1.7,146286
Tue Oct 10 13:05:50 UTC 2023,1.7,148879
Tue Oct 10 13:05:51 UTC 2023,1.7,147861
Tue Oct 10 13:05:52 UTC 2023,1.7,146602
Tue Oct 10 13:05:52 UTC 2023,1.7,146154
Tue Oct 10 13:05:53 UTC 2023,1.7,146170
Tue Oct 10 13:05:53 UTC 2023,1.7,146168
Tue Oct 10 13:05:54 UTC 2023,1.7,146162
Tue Oct 10 13:05:54 UTC 2023,1.7,146162
Tue Oct 10 13:05:55 UTC 2023,1.7,146162
Tue Oct 10 13:05:55 UTC 2023,1.7,146162
Tue Oct 10 13:05:56 UTC 2023,1.7,146162
Tue Oct 10 13:05:56 UTC 2023,1.7,146162
Tue Oct 10 13:05:57 UTC 2023,1.7,146162
Tue Oct 10 13:05:57 UTC 2023,1.7,146162
Tue Oct 10 13:05:57 UTC 2023,1.7,146162
Tue Oct 10 13:05:58 UTC 2023,1.7,146162
Tue Oct 10 13:05:58 UTC 2023,1.7,146162
Tue Oct 10 13:05:59 UTC 2023,1.7,146162
Tue Oct 10 13:05:59 UTC 2023,1.7,146158
Tue Oct 10 13:06:00 UTC 2023,1.7,146162
Tue Oct 10 13:06:00 UTC 2023,1.7,146162
Tue Oct 10 13:06:01 UTC 2023,1.7,146162
Tue Oct 10 13:06:01 UTC 2023,1.7,146162
Tue Oct 10 13:06:02 UTC 2023,1.7,146162
Tue Oct 10 13:06:02 UTC 2023,1.7,146162
Tue Oct 10 13:06:03 UTC 2023,1.7,146532
Tue Oct 10 13:06:03 UTC 2023,1.7,146438
Tue Oct 10 13:06:04 UTC 2023,1.7,146422
Tue Oct 10 13:06:04 UTC 2023,1.7,146426
Tue Oct 10 13:06:05 UTC 2023,1.7,146418
Tue Oct 10 13:06:05 UTC 2023,1.7,146426
Tue Oct 10 13:06:06 UTC 2023,1.7,146422
Tue Oct 10 13:06:06 UTC 2023,1.7,146426
Tue Oct 10 13:06:07 UTC 2023,1.7,146422
Tue Oct 10 13:06:07 UTC 2023,1.7,146426
Tue Oct 10 13:06:08 UTC 2023,1.7,146422
Tue Oct 10 13:06:08 UTC 2023,1.7,146426
Tue Oct 10 13:06:09 UTC 2023,1.7,146422
Tue Oct 10 13:06:09 UTC 2023,1.7,146426
Tue Oct 10 13:06:10 UTC 2023,1.7,146422
Tue Oct 10 13:06:10 UTC 2023,1.7,146422
Tue Oct 10 13:06:11 UTC 2023,1.7,146422
Tue Oct 10 13:06:11 UTC 2023,1.7,146426
Tue Oct 10 13:06:12 UTC 2023,1.7,146422
Tue Oct 10 13:06:12 UTC 2023,1.7,146426
Tue Oct 10 13:06:13 UTC 2023,1.7,146422
Tue Oct 10 13:06:13 UTC 2023,1.7,146426
Tue Oct 10 13:06:14 UTC 2023,1.7,146422
Tue Oct 10 13:06:14 UTC 2023,1.7,146426
Tue Oct 10 13:06:15 UTC 2023,1.7,146422
Tue Oct 10 13:06:15 UTC 2023,1.7,146426
Tue Oct 10 13:06:16 UTC 2023,1.7,146422
Tue Oct 10 13:06:16 UTC 2023,1.7,146426
Tue Oct 10 13:06:17 UTC 2023,1.7,146422
Tue Oct 10 13:06:17 UTC 2023,1.7,146426
Tue Oct 10 13:06:18 UTC 2023,1.7,146422
Tue Oct 10 13:06:18 UTC 2023,1.7,146426
Tue Oct 10 13:06:19 UTC 2023,1.7,146422
Tue Oct 10 13:06:19 UTC 2023,1.7,146426
Tue Oct 10 13:06:20 UTC 2023,1.7,146422
Tue Oct 10 13:06:20 UTC 2023,1.7,146430
Tue Oct 10 13:06:21 UTC 2023,1.7,146418
Tue Oct 10 13:06:21 UTC 2023,1.7,146426
Tue Oct 10 13:06:22 UTC 2023,1.7,146422
Tue Oct 10 13:06:22 UTC 2023,1.7,146426
Tue Oct 10 13:06:23 UTC 2023,1.7,146422
Tue Oct 10 13:06:23 UTC 2023,1.7,146426
Tue Oct 10 13:06:24 UTC 2023,1.7,146422
Tue Oct 10 13:06:24 UTC 2023,1.7,146426
Tue Oct 10 13:06:25 UTC 2023,1.7,146422
Tue Oct 10 13:06:25 UTC 2023,1.7,146426
Tue Oct 10 13:06:26 UTC 2023,1.7,146422
Tue Oct 10 13:06:26 UTC 2023,1.7,146422
Tue Oct 10 13:06:27 UTC 2023,1.7,146422
Tue Oct 10 13:06:27 UTC 2023,1.7,146426
Tue Oct 10 13:06:27 UTC 2023,1.7,146422
Tue Oct 10 13:06:28 UTC 2023,1.7,146426
Tue Oct 10 13:06:28 UTC 2023,1.7,146422
Tue Oct 10 13:06:29 UTC 2023,1.7,146426
Tue Oct 10 13:06:30 UTC 2023,1.7,146422
Tue Oct 10 13:06:30 UTC 2023,1.7,146426
Tue Oct 10 13:06:31 UTC 2023,1.7,146422
Tue Oct 10 13:06:31 UTC 2023,1.7,146426
Tue Oct 10 13:06:32 UTC 2023,1.7,146422
Tue Oct 10 13:06:32 UTC 2023,1.7,146426
Tue Oct 10 13:06:33 UTC 2023,1.7,146422
Tue Oct 10 13:06:34 UTC 2023,1.7,146426
Tue Oct 10 13:06:35 UTC 2023,1.7,146422
Tue Oct 10 13:06:35 UTC 2023,1.7,146426
Tue Oct 10 13:06:36 UTC 2023,1.7,146422
Tue Oct 10 13:06:36 UTC 2023,1.7,146426
Tue Oct 10 13:06:37 UTC 2023,1.7,146422
Tue Oct 10 13:06:37 UTC 2023,1.7,146426
Tue Oct 10 13:06:38 UTC 2023,1.7,146422
Tue Oct 10 13:06:38 UTC 2023,1.7,146426
Tue Oct 10 13:06:39 UTC 2023,1.7,146432
Tue Oct 10 13:06:39 UTC 2023,1.7,146432
Tue Oct 10 13:06:40 UTC 2023,1.7,146428
Tue Oct 10 13:06:40 UTC 2023,1.7,146432
Tue Oct 10 13:06:41 UTC 2023,1.7,146428
Tue Oct 10 13:06:41 UTC 2023,1.7,146432
Tue Oct 10 13:06:42 UTC 2023,1.7,146428
Tue Oct 10 13:06:43 UTC 2023,1.7,146428
Tue Oct 10 13:06:43 UTC 2023,1.7,146428
Tue Oct 10 13:06:44 UTC 2023,1.7,146432
Tue Oct 10 13:06:44 UTC 2023,1.7,146428
Tue Oct 10 13:06:44 UTC 2023,1.7,146432
Tue Oct 10 13:06:45 UTC 2023,1.7,146428
Tue Oct 10 13:06:46 UTC 2023,1.7,146432
Tue Oct 10 13:06:46 UTC 2023,1.7,146428
Tue Oct 10 13:06:47 UTC 2023,1.7,146584
Tue Oct 10 13:06:47 UTC 2023,1.7,146564
Tue Oct 10 13:06:47 UTC 2023,1.7,146564
Tue Oct 10 13:06:48 UTC 2023,1.7,146560
Tue Oct 10 13:06:48 UTC 2023,1.7,146564
Tue Oct 10 13:06:49 UTC 2023,1.7,146564
Tue Oct 10 13:06:49 UTC 2023,1.7,146564
Tue Oct 10 13:06:50 UTC 2023,1.7,146564
Tue Oct 10 13:06:50 UTC 2023,1.7,146564
Tue Oct 10 13:06:51 UTC 2023,1.7,146564
Tue Oct 10 13:06:52 UTC 2023,1.7,146564
Tue Oct 10 13:06:52 UTC 2023,1.7,146564
Tue Oct 10 13:06:53 UTC 2023,1.7,146564
Tue Oct 10 13:06:53 UTC 2023,1.7,146560
Tue Oct 10 13:06:54 UTC 2023,1.7,146564
Tue Oct 10 13:06:54 UTC 2023,1.7,146564
Tue Oct 10 13:06:55 UTC 2023,1.7,146564
Tue Oct 10 13:06:55 UTC 2023,1.7,146564
Tue Oct 10 13:06:56 UTC 2023,1.7,146564
Tue Oct 10 13:06:56 UTC 2023,1.7,146564
Tue Oct 10 13:06:57 UTC 2023,1.7,146564
Tue Oct 10 13:06:57 UTC 2023,1.7,146564
Tue Oct 10 13:06:58 UTC 2023,1.7,146564
Tue Oct 10 13:06:58 UTC 2023,1.7,146560
Tue Oct 10 13:06:59 UTC 2023,1.7,146564
Tue Oct 10 13:06:59 UTC 2023,1.7,146564
Tue Oct 10 13:07:00 UTC 2023,1.7,146564
Tue Oct 10 13:07:00 UTC 2023,1.7,146564
Tue Oct 10 13:07:01 UTC 2023,1.7,146564
Tue Oct 10 13:07:01 UTC 2023,1.7,146564
Tue Oct 10 13:07:02 UTC 2023,1.7,146564
Tue Oct 10 13:07:02 UTC 2023,1.7,146564
Tue Oct 10 13:07:03 UTC 2023,1.7,146564
Tue Oct 10 13:07:03 UTC 2023,1.7,146564
Tue Oct 10 13:07:04 UTC 2023,1.7,146564
Tue Oct 10 13:07:04 UTC 2023,1.7,146564
Tue Oct 10 13:07:05 UTC 2023,1.7,146564
Tue Oct 10 13:07:05 UTC 2023,1.7,146564
Tue Oct 10 13:07:06 UTC 2023,1.7,146564
Tue Oct 10 13:07:06 UTC 2023,1.7,146564
Tue Oct 10 13:07:07 UTC 2023,1.7,146564
Tue Oct 10 13:07:07 UTC 2023,1.7,146564
Tue Oct 10 13:07:08 UTC 2023,1.7,146564
Tue Oct 10 13:07:08 UTC 2023,1.7,146564
Tue Oct 10 13:07:09 UTC 2023,1.7,146564
Tue Oct 10 13:07:09 UTC 2023,1.7,146564
Tue Oct 10 13:07:10 UTC 2023,1.7,146564
Tue Oct 10 13:07:10 UTC 2023,1.7,146564
Tue Oct 10 13:07:11 UTC 2023,1.7,146564
Tue Oct 10 13:07:11 UTC 2023,1.7,146564
Tue Oct 10 13:07:12 UTC 2023,1.7,146564
Tue Oct 10 13:07:12 UTC 2023,1.7,146564
Tue Oct 10 13:07:13 UTC 2023,1.7,146564
Tue Oct 10 13:07:13 UTC 2023,1.7,146564
Tue Oct 10 13:07:14 UTC 2023,1.7,146564
Tue Oct 10 13:07:14 UTC 2023,1.7,146560
Tue Oct 10 13:07:15 UTC 2023,1.7,146564
Tue Oct 10 13:07:15 UTC 2023,1.7,146564
Tue Oct 10 13:07:16 UTC 2023,1.7,146564
Tue Oct 10 13:07:16 UTC 2023,1.7,146564
Tue Oct 10 13:07:17 UTC 2023,1.7,146564
Tue Oct 10 13:07:17 UTC 2023,1.7,146564
Tue Oct 10 13:07:18 UTC 2023,1.7,146564
Tue Oct 10 13:07:18 UTC 2023,1.7,146564
Tue Oct 10 13:07:19 UTC 2023,1.7,146564
Tue Oct 10 13:07:19 UTC 2023,1.7,146560
Tue Oct 10 13:07:20 UTC 2023,1.7,146564
Tue Oct 10 13:07:20 UTC 2023,1.7,146564
Tue Oct 10 13:07:21 UTC 2023,1.7,146564
Tue Oct 10 13:07:21 UTC 2023,1.7,146564
Tue Oct 10 13:07:22 UTC 2023,1.7,146564
Tue Oct 10 13:07:22 UTC 2023,1.7,146524
Tue Oct 10 13:07:23 UTC 2023,1.7,146524
Tue Oct 10 13:07:23 UTC 2023,1.7,146524
Tue Oct 10 13:07:24 UTC 2023,1.7,146524
Tue Oct 10 13:07:24 UTC 2023,1.7,146524
Tue Oct 10 13:07:25 UTC 2023,1.7,146520
Tue Oct 10 13:07:25 UTC 2023,1.7,146524
Tue Oct 10 13:07:26 UTC 2023,1.7,146524
Tue Oct 10 13:07:26 UTC 2023,1.7,146524
Tue Oct 10 13:07:27 UTC 2023,1.7,146524
Tue Oct 10 13:07:27 UTC 2023,1.7,146524
Tue Oct 10 13:07:28 UTC 2023,1.7,146524
Tue Oct 10 13:07:28 UTC 2023,1.7,146524
Tue Oct 10 13:07:29 UTC 2023,1.7,146524
Tue Oct 10 13:07:29 UTC 2023,1.7,146524
Tue Oct 10 13:07:30 UTC 2023,1.7,146524
Tue Oct 10 13:07:30 UTC 2023,1.7,146524
Tue Oct 10 13:07:31 UTC 2023,1.7,146524
Tue Oct 10 13:07:31 UTC 2023,1.7,146524
Tue Oct 10 13:07:32 UTC 2023,1.7,146524
Tue Oct 10 13:07:33 UTC 2023,1.7,146524
Tue Oct 10 13:07:34 UTC 2023,1.7,146524
Tue Oct 10 13:07:35 UTC 2023,1.7,146524
Tue Oct 10 13:07:35 UTC 2023,1.7,146524
Tue Oct 10 13:07:36 UTC 2023,1.7,146524
Tue Oct 10 13:07:36 UTC 2023,1.7,146524
Tue Oct 10 13:07:37 UTC 2023,1.7,146524
Tue Oct 10 13:07:37 UTC 2023,1.7,146524
Tue Oct 10 13:07:38 UTC 2023,1.7,146524
Tue Oct 10 13:07:38 UTC 2023,1.7,146524
Tue Oct 10 13:07:39 UTC 2023,1.7,146524
Tue Oct 10 13:07:39 UTC 2023,1.7,146524
Tue Oct 10 13:07:40 UTC 2023,1.7,146524
Tue Oct 10 13:07:40 UTC 2023,1.7,146524
Tue Oct 10 13:07:41 UTC 2023,1.7,146520
Tue Oct 10 13:07:41 UTC 2023,1.7,146524
Tue Oct 10 13:07:42 UTC 2023,1.7,146524
Tue Oct 10 13:07:42 UTC 2023,1.7,146524
Tue Oct 10 13:07:43 UTC 2023,1.7,146524
Tue Oct 10 13:07:43 UTC 2023,1.7,146524
Tue Oct 10 13:07:44 UTC 2023,1.7,146496
Tue Oct 10 13:07:44 UTC 2023,1.7,146496
Tue Oct 10 13:07:45 UTC 2023,1.7,146496
Tue Oct 10 13:07:45 UTC 2023,1.7,146496
Tue Oct 10 13:07:46 UTC 2023,1.7,146496
Tue Oct 10 13:07:46 UTC 2023,1.7,146496
Tue Oct 10 13:07:47 UTC 2023,1.7,146496
Tue Oct 10 13:07:47 UTC 2023,1.7,146496
Tue Oct 10 13:07:48 UTC 2023,1.7,146496
Tue Oct 10 13:07:48 UTC 2023,1.7,146496
Tue Oct 10 13:07:49 UTC 2023,1.7,146496
Tue Oct 10 13:07:49 UTC 2023,1.7,146496
Tue Oct 10 13:07:50 UTC 2023,1.7,146496
Tue Oct 10 13:07:50 UTC 2023,1.7,146496
Tue Oct 10 13:07:51 UTC 2023,1.7,146496
Tue Oct 10 13:07:51 UTC 2023,1.7,146496
Tue Oct 10 13:07:52 UTC 2023,1.7,146456
Tue Oct 10 13:07:52 UTC 2023,1.7,146460
Tue Oct 10 13:07:53 UTC 2023,1.7,146460
Tue Oct 10 13:07:53 UTC 2023,1.7,149407
Tue Oct 10 13:07:54 UTC 2023,1.7,149540
Tue Oct 10 13:07:54 UTC 2023,1.7,146854
Tue Oct 10 13:07:55 UTC 2023,1.7,149643
Tue Oct 10 13:07:55 UTC 2023,1.7,149212
Tue Oct 10 13:07:56 UTC 2023,1.7,147124
Tue Oct 10 13:07:56 UTC 2023,1.7,149583
Tue Oct 10 13:07:57 UTC 2023,1.7,149752
Tue Oct 10 13:07:57 UTC 2023,1.7,147043
Tue Oct 10 13:07:58 UTC 2023,1.7,147468
Tue Oct 10 13:07:58 UTC 2023,1.7,149344
Tue Oct 10 13:07:59 UTC 2023,1.7,147308
Tue Oct 10 13:07:59 UTC 2023,1.7,146921
Tue Oct 10 13:08:00 UTC 2023,1.7,149791
Tue Oct 10 13:08:00 UTC 2023,1.7,147042
Tue Oct 10 13:08:01 UTC 2023,1.7,149848
Tue Oct 10 13:08:01 UTC 2023,1.7,147050
Tue Oct 10 13:08:02 UTC 2023,1.7,149587
Tue Oct 10 13:08:02 UTC 2023,1.7,148184
Tue Oct 10 13:08:03 UTC 2023,1.7,147471
Tue Oct 10 13:08:03 UTC 2023,1.7,149874
Tue Oct 10 13:08:04 UTC 2023,1.7,147286
Tue Oct 10 13:08:04 UTC 2023,1.7,148811
Tue Oct 10 13:08:05 UTC 2023,1.7,147483
Tue Oct 10 13:08:05 UTC 2023,1.7,150158
Tue Oct 10 13:08:06 UTC 2023,1.7,147384
Tue Oct 10 13:08:06 UTC 2023,1.7,150079
Tue Oct 10 13:08:07 UTC 2023,1.7,147314
Tue Oct 10 13:08:07 UTC 2023,1.7,150428
Tue Oct 10 13:08:08 UTC 2023,1.7,147469
Tue Oct 10 13:08:08 UTC 2023,1.7,149713
Tue Oct 10 13:08:09 UTC 2023,1.7,150324
Tue Oct 10 13:08:09 UTC 2023,1.7,147818
Tue Oct 10 13:08:10 UTC 2023,1.7,147387
Tue Oct 10 13:08:10 UTC 2023,1.7,147359
Tue Oct 10 13:08:11 UTC 2023,1.7,148244
Tue Oct 10 13:08:11 UTC 2023,1.7,147503
Tue Oct 10 13:08:12 UTC 2023,1.7,148286
Tue Oct 10 13:08:12 UTC 2023,1.7,147538
Tue Oct 10 13:08:13 UTC 2023,1.7,149965
Tue Oct 10 13:08:13 UTC 2023,1.7,147236
Tue Oct 10 13:08:14 UTC 2023,1.7,150153
Tue Oct 10 13:08:14 UTC 2023,1.7,147269
Tue Oct 10 13:08:15 UTC 2023,1.7,150158
Tue Oct 10 13:08:16 UTC 2023,1.7,150266
Tue Oct 10 13:08:16 UTC 2023,1.7,147413
Tue Oct 10 13:08:17 UTC 2023,1.7,150186
Tue Oct 10 13:08:17 UTC 2023,1.7,147352
Tue Oct 10 13:08:17 UTC 2023,1.7,150089
Tue Oct 10 13:08:18 UTC 2023,1.7,150598
Tue Oct 10 13:08:19 UTC 2023,1.7,147593
Tue Oct 10 13:08:19 UTC 2023,1.7,150266
Tue Oct 10 13:08:20 UTC 2023,1.7,147943
Tue Oct 10 13:08:20 UTC 2023,1.7,150529
Tue Oct 10 13:08:21 UTC 2023,1.7,150453
Tue Oct 10 13:08:21 UTC 2023,1.7,148110
Tue Oct 10 13:08:22 UTC 2023,1.7,150482
Tue Oct 10 13:08:22 UTC 2023,1.7,147805
Tue Oct 10 13:08:23 UTC 2023,18,150533
Tue Oct 10 13:08:23 UTC 2023,18,147773
Tue Oct 10 13:08:24 UTC 2023,18,150634
Tue Oct 10 13:08:24 UTC 2023,18,147860
Tue Oct 10 13:08:25 UTC 2023,18,151925
Tue Oct 10 13:08:25 UTC 2023,18,150694
Tue Oct 10 13:08:26 UTC 2023,18,147880
Tue Oct 10 13:08:26 UTC 2023,18,150614
Tue Oct 10 13:08:27 UTC 2023,18,147994
Tue Oct 10 13:08:27 UTC 2023,18,149423
Tue Oct 10 13:08:28 UTC 2023,18,148062
Tue Oct 10 13:08:28 UTC 2023,27,150406
Tue Oct 10 13:08:29 UTC 2023,27,147697
Tue Oct 10 13:08:29 UTC 2023,27,150478
Tue Oct 10 13:08:30 UTC 2023,27,147810
Tue Oct 10 13:08:30 UTC 2023,27,150593
Tue Oct 10 13:08:30 UTC 2023,27,147852
Tue Oct 10 13:08:31 UTC 2023,27,150678
Tue Oct 10 13:08:32 UTC 2023,27,149917
Tue Oct 10 13:08:33 UTC 2023,27,150626
Tue Oct 10 13:08:33 UTC 2023,27,150402
Tue Oct 10 13:08:35 UTC 2023,25,150881
Tue Oct 10 13:08:35 UTC 2023,25,147958
Tue Oct 10 13:08:36 UTC 2023,25,149507
Tue Oct 10 13:08:36 UTC 2023,25,148023
Tue Oct 10 13:08:37 UTC 2023,25,150493
Tue Oct 10 13:08:37 UTC 2023,25,148130
Tue Oct 10 13:08:38 UTC 2023,25,148278
Tue Oct 10 13:08:38 UTC 2023,25,150034
Tue Oct 10 13:08:39 UTC 2023,25,147856
Tue Oct 10 13:08:39 UTC 2023,25,150197
Tue Oct 10 13:08:42 UTC 2023,27,155695
Tue Oct 10 13:08:43 UTC 2023,27,151505
Tue Oct 10 13:08:43 UTC 2023,27,151266
Tue Oct 10 13:08:44 UTC 2023,27,149878
Tue Oct 10 13:08:44 UTC 2023,27,148879
Tue Oct 10 13:08:45 UTC 2023,27,151222
Tue Oct 10 13:08:45 UTC 2023,29,148661
Tue Oct 10 13:08:46 UTC 2023,29,150894
Tue Oct 10 13:08:46 UTC 2023,29,148373
Tue Oct 10 13:08:47 UTC 2023,29,150986
Tue Oct 10 13:08:47 UTC 2023,29,148813
Tue Oct 10 13:08:48 UTC 2023,29,150394
Tue Oct 10 13:08:48 UTC 2023,29,151094
Tue Oct 10 13:08:49 UTC 2023,29,148618
Tue Oct 10 13:08:50 UTC 2023,29,151218
Tue Oct 10 13:08:50 UTC 2023,29,151450
Tue Oct 10 13:08:51 UTC 2023,29,148609
Tue Oct 10 13:08:51 UTC 2023,29,151074
Tue Oct 10 13:08:52 UTC 2023,29,151198
Tue Oct 10 13:08:52 UTC 2023,29,148871
Tue Oct 10 13:08:53 UTC 2023,29,151035
Tue Oct 10 13:08:53 UTC 2023,29,148506
Tue Oct 10 13:08:54 UTC 2023,29,151135
Tue Oct 10 13:08:54 UTC 2023,29,151211
Tue Oct 10 13:08:55 UTC 2023,29,148811
Tue Oct 10 13:08:55 UTC 2023,29,149209
Tue Oct 10 13:08:56 UTC 2023,27,148603
Tue Oct 10 13:08:56 UTC 2023,27,151139
Tue Oct 10 13:08:57 UTC 2023,27,148718
Tue Oct 10 13:08:57 UTC 2023,27,150607
Tue Oct 10 13:08:58 UTC 2023,27,150631
Tue Oct 10 13:08:58 UTC 2023,27,148743
Tue Oct 10 13:08:59 UTC 2023,27,148312
Tue Oct 10 13:08:59 UTC 2023,27,148272
Tue Oct 10 13:09:00 UTC 2023,27,148294
Tue Oct 10 13:09:00 UTC 2023,27,148288
Tue Oct 10 13:09:01 UTC 2023,27,148280
Tue Oct 10 13:09:01 UTC 2023,27,148284
Tue Oct 10 13:09:02 UTC 2023,27,148280
Tue Oct 10 13:09:02 UTC 2023,27,148284
Tue Oct 10 13:09:03 UTC 2023,27,148280
Tue Oct 10 13:09:03 UTC 2023,27,148284
Tue Oct 10 13:09:04 UTC 2023,27,148280
Tue Oct 10 13:09:04 UTC 2023,21,148284
Tue Oct 10 13:09:05 UTC 2023,21,148274
Tue Oct 10 13:09:05 UTC 2023,21,148282
Tue Oct 10 13:09:06 UTC 2023,21,148278
Tue Oct 10 13:09:06 UTC 2023,21,148282
Tue Oct 10 13:09:07 UTC 2023,21,148278
Tue Oct 10 13:09:07 UTC 2023,21,148282
Tue Oct 10 13:09:08 UTC 2023,21,148278
Tue Oct 10 13:09:08 UTC 2023,21,148282
Tue Oct 10 13:09:09 UTC 2023,21,148278
Tue Oct 10 13:09:09 UTC 2023,21,148282
Tue Oct 10 13:09:10 UTC 2023,21,148278
Tue Oct 10 13:09:10 UTC 2023,21,148278
Tue Oct 10 13:09:11 UTC 2023,21,148278
Tue Oct 10 13:09:11 UTC 2023,21,148282
Tue Oct 10 13:09:12 UTC 2023,13,148278
Tue Oct 10 13:09:12 UTC 2023,13,148282
Tue Oct 10 13:09:13 UTC 2023,13,148278
Tue Oct 10 13:09:13 UTC 2023,13,148282
Tue Oct 10 13:09:14 UTC 2023,13,148278
Tue Oct 10 13:09:14 UTC 2023,13,148282
Tue Oct 10 13:09:15 UTC 2023,13,148278
Tue Oct 10 13:09:15 UTC 2023,13,148282
Tue Oct 10 13:09:16 UTC 2023,13,148278
Tue Oct 10 13:09:16 UTC 2023,13,148282
Tue Oct 10 13:09:17 UTC 2023,13,148278
Tue Oct 10 13:09:17 UTC 2023,13,148282
Tue Oct 10 13:09:18 UTC 2023,13,148278
Tue Oct 10 13:09:18 UTC 2023,13,148282
Tue Oct 10 13:09:19 UTC 2023,12,148278
Tue Oct 10 13:09:19 UTC 2023,12,148282
Tue Oct 10 13:09:20 UTC 2023,12,148278
Tue Oct 10 13:09:20 UTC 2023,12,148282
Tue Oct 10 13:09:20 UTC 2023,12,148274
Tue Oct 10 13:09:22 UTC 2023,12,148290
Tue Oct 10 13:09:23 UTC 2023,12,148282
Tue Oct 10 13:09:23 UTC 2023,12,148282
Tue Oct 10 13:09:24 UTC 2023,12,148282
Tue Oct 10 13:09:24 UTC 2023,10,148282
Tue Oct 10 13:09:25 UTC 2023,10,148282
Tue Oct 10 13:09:25 UTC 2023,10,148282
Tue Oct 10 13:09:26 UTC 2023,10,148282
Tue Oct 10 13:09:26 UTC 2023,10,148278
Tue Oct 10 13:09:27 UTC 2023,10,148282
Tue Oct 10 13:09:28 UTC 2023,10,148282
Tue Oct 10 13:09:28 UTC 2023,10,148282
Tue Oct 10 13:09:29 UTC 2023,10,148282
Tue Oct 10 13:09:29 UTC 2023,10,148282
Tue Oct 10 13:09:30 UTC 2023,10,148282
Tue Oct 10 13:09:30 UTC 2023,10,148282
Tue Oct 10 13:09:31 UTC 2023,10,148282
Tue Oct 10 13:09:32 UTC 2023,10,148282
Tue Oct 10 13:09:32 UTC 2023,10,148278
Tue Oct 10 13:09:33 UTC 2023,10,148282
Tue Oct 10 13:09:34 UTC 2023,10,148282
Tue Oct 10 13:09:35 UTC 2023,10,148282
Tue Oct 10 13:09:35 UTC 2023,10,148282
Tue Oct 10 13:09:36 UTC 2023,10,148282
Tue Oct 10 13:09:36 UTC 2023,10,148282
Tue Oct 10 13:09:37 UTC 2023,10,148282
Tue Oct 10 13:09:37 UTC 2023,10,148282
Tue Oct 10 13:09:38 UTC 2023,10,148278
Tue Oct 10 13:09:38 UTC 2023,10,148282
Tue Oct 10 13:09:39 UTC 2023,10,148282
Tue Oct 10 13:09:39 UTC 2023,10,148338
Tue Oct 10 13:09:40 UTC 2023,10,148282
Tue Oct 10 13:09:40 UTC 2023,10,148286
Tue Oct 10 13:09:41 UTC 2023,10,148282
Tue Oct 10 13:09:41 UTC 2023,10,148282
Tue Oct 10 13:09:42 UTC 2023,10,148420
Tue Oct 10 13:09:42 UTC 2023,10,148316
Tue Oct 10 13:09:43 UTC 2023,10,148308
Tue Oct 10 13:09:43 UTC 2023,10,148312
Tue Oct 10 13:09:44 UTC 2023,10,148308
Tue Oct 10 13:09:44 UTC 2023,10,148312
Tue Oct 10 13:09:45 UTC 2023,10,148308
Tue Oct 10 13:09:45 UTC 2023,10,148312
Tue Oct 10 13:09:46 UTC 2023,10,148308
Tue Oct 10 13:09:46 UTC 2023,10,148312
Tue Oct 10 13:09:47 UTC 2023,10,148308
Tue Oct 10 13:09:47 UTC 2023,10,148312
Tue Oct 10 13:09:48 UTC 2023,10,148308
Tue Oct 10 13:09:48 UTC 2023,10,148312
Tue Oct 10 13:09:49 UTC 2023,10,148308
Tue Oct 10 13:09:49 UTC 2023,10,148312
Tue Oct 10 13:09:50 UTC 2023,10,148308
Tue Oct 10 13:09:50 UTC 2023,10,148312
Tue Oct 10 13:09:51 UTC 2023,10,148308
Tue Oct 10 13:09:51 UTC 2023,10,148312
Tue Oct 10 13:09:52 UTC 2023,10,148308
Tue Oct 10 13:09:52 UTC 2023,10,148312
Tue Oct 10 13:09:53 UTC 2023,10,148308
Tue Oct 10 13:09:53 UTC 2023,10,148312
Tue Oct 10 13:09:54 UTC 2023,10,148308
Tue Oct 10 13:09:54 UTC 2023,10,148340
Tue Oct 10 13:09:55 UTC 2023,10,148312
Tue Oct 10 13:09:55 UTC 2023,10,148312
Tue Oct 10 13:09:56 UTC 2023,10,148312
Tue Oct 10 13:09:56 UTC 2023,10,148312
Tue Oct 10 13:09:57 UTC 2023,10,148312
Tue Oct 10 13:09:57 UTC 2023,10,148312
Tue Oct 10 13:09:58 UTC 2023,10,148312
Tue Oct 10 13:09:58 UTC 2023,10,148312
Tue Oct 10 13:09:59 UTC 2023,10,148312
Tue Oct 10 13:09:59 UTC 2023,10,148312
Tue Oct 10 13:10:00 UTC 2023,10,148312
Tue Oct 10 13:10:00 UTC 2023,10,148312
Tue Oct 10 13:10:01 UTC 2023,10,148312
Tue Oct 10 13:10:01 UTC 2023,10,148312
Tue Oct 10 13:10:02 UTC 2023,10,148312
Tue Oct 10 13:10:03 UTC 2023,10,148312
Tue Oct 10 13:10:03 UTC 2023,10,148312
Tue Oct 10 13:10:04 UTC 2023,10,148312
Tue Oct 10 13:10:04 UTC 2023,10,148312
Tue Oct 10 13:10:05 UTC 2023,10,148308
Tue Oct 10 13:10:05 UTC 2023,10,148312
Tue Oct 10 13:10:06 UTC 2023,10,148312
Tue Oct 10 13:10:06 UTC 2023,10,148312
Tue Oct 10 13:10:07 UTC 2023,10,148312
Tue Oct 10 13:10:07 UTC 2023,10,148312
Tue Oct 10 13:10:08 UTC 2023,10,148312
Tue Oct 10 13:10:08 UTC 2023,10,148312
Tue Oct 10 13:10:09 UTC 2023,10,148312
Tue Oct 10 13:10:09 UTC 2023,10,148312
Tue Oct 10 13:10:10 UTC 2023,10,148312
Tue Oct 10 13:10:10 UTC 2023,10,148308
Tue Oct 10 13:10:11 UTC 2023,10,148312
Tue Oct 10 13:10:11 UTC 2023,10,148312
Tue Oct 10 13:10:12 UTC 2023,10,148312
Tue Oct 10 13:10:12 UTC 2023,10,148312
Tue Oct 10 13:10:13 UTC 2023,10,148312
Tue Oct 10 13:10:13 UTC 2023,10,148312
Tue Oct 10 13:10:14 UTC 2023,10,148312
Tue Oct 10 13:10:14 UTC 2023,10,148312
Tue Oct 10 13:10:15 UTC 2023,10,148312
Tue Oct 10 13:10:15 UTC 2023,10,148312
Tue Oct 10 13:10:16 UTC 2023,10,148308
Tue Oct 10 13:10:16 UTC 2023,10,148312
Tue Oct 10 13:10:17 UTC 2023,10,148312
Tue Oct 10 13:10:17 UTC 2023,10,148312
Tue Oct 10 13:10:18 UTC 2023,10,148312
Tue Oct 10 13:10:18 UTC 2023,10,148312
Tue Oct 10 13:10:19 UTC 2023,10,148312
Tue Oct 10 13:10:19 UTC 2023,10,148312
Tue Oct 10 13:10:20 UTC 2023,10,148312
Tue Oct 10 13:10:20 UTC 2023,10,148310
Tue Oct 10 13:10:21 UTC 2023,10,148306
Tue Oct 10 13:10:21 UTC 2023,10,148310
Tue Oct 10 13:10:22 UTC 2023,10,148310
Tue Oct 10 13:10:22 UTC 2023,10,148310
Tue Oct 10 13:10:23 UTC 2023,10,148310
Tue Oct 10 13:10:24 UTC 2023,10,148310
Tue Oct 10 13:10:24 UTC 2023,10,148310
Tue Oct 10 13:10:25 UTC 2023,10,148310
Tue Oct 10 13:10:25 UTC 2023,10,148310
Tue Oct 10 13:10:26 UTC 2023,10,148310
Tue Oct 10 13:10:26 UTC 2023,10,148306
Tue Oct 10 13:10:27 UTC 2023,10,148310
Tue Oct 10 13:10:27 UTC 2023,10,148310
Tue Oct 10 13:10:28 UTC 2023,10,148310
Tue Oct 10 13:10:28 UTC 2023,10,148310
Tue Oct 10 13:10:29 UTC 2023,10,148310
Tue Oct 10 13:10:29 UTC 2023,10,148310
Tue Oct 10 13:10:30 UTC 2023,10,148310
Tue Oct 10 13:10:30 UTC 2023,10,148310
Tue Oct 10 13:10:31 UTC 2023,10,148310
Tue Oct 10 13:10:31 UTC 2023,10,148306
Tue Oct 10 13:10:32 UTC 2023,10,148310
Tue Oct 10 13:10:32 UTC 2023,10,148310
Tue Oct 10 13:10:33 UTC 2023,10,148310
Tue Oct 10 13:10:34 UTC 2023,10,148310
Tue Oct 10 13:10:35 UTC 2023,10,148310
Tue Oct 10 13:10:36 UTC 2023,10,148310
Tue Oct 10 13:10:36 UTC 2023,10,148310
Tue Oct 10 13:10:37 UTC 2023,10,148310
Tue Oct 10 13:10:37 UTC 2023,10,148310
Tue Oct 10 13:10:38 UTC 2023,10,148310
Tue Oct 10 13:10:38 UTC 2023,10,148310
Tue Oct 10 13:10:39 UTC 2023,10,148310
Tue Oct 10 13:10:39 UTC 2023,10,148314
Tue Oct 10 13:10:40 UTC 2023,10,148310
Tue Oct 10 13:10:40 UTC 2023,10,148298
Tue Oct 10 13:10:41 UTC 2023,10,148294
Tue Oct 10 13:10:41 UTC 2023,10,148290
Tue Oct 10 13:10:42 UTC 2023,10,148294
Tue Oct 10 13:10:42 UTC 2023,10,148290
Tue Oct 10 13:10:43 UTC 2023,10,148274
Tue Oct 10 13:10:43 UTC 2023,10,148270
Tue Oct 10 13:10:44 UTC 2023,10,148274
Tue Oct 10 13:10:44 UTC 2023,10,148270
Tue Oct 10 13:10:45 UTC 2023,10,148274
Tue Oct 10 13:10:45 UTC 2023,10,148270
Tue Oct 10 13:10:46 UTC 2023,10,148350
Tue Oct 10 13:10:46 UTC 2023,10,148278
Tue Oct 10 13:10:47 UTC 2023,10,148274
Tue Oct 10 13:10:47 UTC 2023,10,148274
Tue Oct 10 13:10:48 UTC 2023,10,148270
Tue Oct 10 13:10:48 UTC 2023,10,148274
Tue Oct 10 13:10:49 UTC 2023,10,148274
Tue Oct 10 13:10:49 UTC 2023,10,148274
Tue Oct 10 13:10:50 UTC 2023,10,148274
Tue Oct 10 13:10:50 UTC 2023,10,148274
Tue Oct 10 13:10:51 UTC 2023,10,148274
Tue Oct 10 13:10:51 UTC 2023,10,148274
Tue Oct 10 13:10:52 UTC 2023,10,148274
Tue Oct 10 13:10:52 UTC 2023,10,148274
Tue Oct 10 13:10:53 UTC 2023,10,148270
Tue Oct 10 13:10:53 UTC 2023,10,148274
Tue Oct 10 13:10:54 UTC 2023,10,148274
Tue Oct 10 13:10:54 UTC 2023,10,148274
Tue Oct 10 13:10:55 UTC 2023,10,148274
Tue Oct 10 13:10:55 UTC 2023,10,148274
Tue Oct 10 13:10:56 UTC 2023,10,148274
Tue Oct 10 13:10:56 UTC 2023,10,148274
Tue Oct 10 13:10:57 UTC 2023,10,148274
Tue Oct 10 13:10:57 UTC 2023,10,148254
Tue Oct 10 13:10:58 UTC 2023,10,148250
Tue Oct 10 13:10:58 UTC 2023,10,148250
Tue Oct 10 13:10:59 UTC 2023,10,148250
Tue Oct 10 13:10:59 UTC 2023,10,148250
Tue Oct 10 13:11:00 UTC 2023,10,151071
Tue Oct 10 13:11:00 UTC 2023,10,148398
Tue Oct 10 13:11:01 UTC 2023,10,151243
Tue Oct 10 13:11:01 UTC 2023,10,151095
Tue Oct 10 13:11:02 UTC 2023,10,148739
Tue Oct 10 13:11:02 UTC 2023,10,148356
Tue Oct 10 13:11:03 UTC 2023,10,151167
Tue Oct 10 13:11:03 UTC 2023,10,151083
Tue Oct 10 13:11:04 UTC 2023,10,148773
Tue Oct 10 13:11:04 UTC 2023,10,151191
Tue Oct 10 13:11:05 UTC 2023,10,148505
Tue Oct 10 13:11:05 UTC 2023,10,151203
Tue Oct 10 13:11:06 UTC 2023,10,148510
Tue Oct 10 13:11:06 UTC 2023,10,151175
Tue Oct 10 13:11:06 UTC 2023,10,148745
Tue Oct 10 13:11:07 UTC 2023,10,151219
Tue Oct 10 13:11:08 UTC 2023,10,148517
Tue Oct 10 13:11:08 UTC 2023,10,151343
Tue Oct 10 13:11:09 UTC 2023,10,148642
Tue Oct 10 13:11:09 UTC 2023,10,148604
Tue Oct 10 13:11:09 UTC 2023,10,151379
Tue Oct 10 13:11:10 UTC 2023,10,150929
Tue Oct 10 13:11:11 UTC 2023,10,148849
Tue Oct 10 13:11:11 UTC 2023,10,149649
Tue Oct 10 13:11:12 UTC 2023,10,148801
Tue Oct 10 13:11:12 UTC 2023,10,148462
Tue Oct 10 13:11:12 UTC 2023,10,150821
Tue Oct 10 13:11:13 UTC 2023,10,151169
Tue Oct 10 13:11:13 UTC 2023,10,148765
Tue Oct 10 13:11:14 UTC 2023,10,148358
Tue Oct 10 13:11:14 UTC 2023,10,148338
Tue Oct 10 13:11:15 UTC 2023,10,151321
Tue Oct 10 13:11:15 UTC 2023,10,151338
Tue Oct 10 13:11:16 UTC 2023,10,148739
Tue Oct 10 13:11:17 UTC 2023,10,151177
Tue Oct 10 13:11:17 UTC 2023,10,148507
Tue Oct 10 13:11:18 UTC 2023,10,151237
Tue Oct 10 13:11:18 UTC 2023,10,148933
Tue Oct 10 13:11:19 UTC 2023,10,148616
Tue Oct 10 13:11:19 UTC 2023,10,149616
Tue Oct 10 13:11:20 UTC 2023,10,148578
Tue Oct 10 13:11:20 UTC 2023,10,151477
Tue Oct 10 13:11:21 UTC 2023,10,148687
Tue Oct 10 13:11:21 UTC 2023,10,151309
Tue Oct 10 13:11:22 UTC 2023,10,148535
Tue Oct 10 13:11:22 UTC 2023,10,151349
Tue Oct 10 13:11:23 UTC 2023,10,150178
Tue Oct 10 13:11:23 UTC 2023,10,148921
Tue Oct 10 13:11:24 UTC 2023,10,148498
Tue Oct 10 13:11:24 UTC 2023,10,151301
Tue Oct 10 13:11:25 UTC 2023,10,151161
Tue Oct 10 13:11:25 UTC 2023,10,148916
Tue Oct 10 13:11:26 UTC 2023,10,149662
Tue Oct 10 13:11:26 UTC 2023,10,148837
Tue Oct 10 13:11:27 UTC 2023,10,148470
Tue Oct 10 13:11:27 UTC 2023,10,151437
Tue Oct 10 13:11:28 UTC 2023,10,151589
Tue Oct 10 13:11:28 UTC 2023,10,148747
Tue Oct 10 13:11:29 UTC 2023,10,151573
Tue Oct 10 13:11:29 UTC 2023,10,149710
Tue Oct 10 13:11:30 UTC 2023,10,148969
Tue Oct 10 13:11:30 UTC 2023,10,148490
Tue Oct 10 13:11:31 UTC 2023,10,151381
Tue Oct 10 13:11:31 UTC 2023,10,148745
Tue Oct 10 13:11:32 UTC 2023,10,150884
Tue Oct 10 13:11:32 UTC 2023,10,151612
Tue Oct 10 13:11:33 UTC 2023,10,148838
Tue Oct 10 13:11:34 UTC 2023,10,151326
Tue Oct 10 13:11:35 UTC 2023,10,151673
Tue Oct 10 13:11:35 UTC 2023,10,148883
Tue Oct 10 13:11:36 UTC 2023,10,148854
Tue Oct 10 13:11:36 UTC 2023,10,151137
Tue Oct 10 13:11:37 UTC 2023,10,151633
Tue Oct 10 13:11:37 UTC 2023,10,148907
Tue Oct 10 13:11:38 UTC 2023,10,151201
Tue Oct 10 13:11:38 UTC 2023,10,148726
Tue Oct 10 13:11:39 UTC 2023,10,151633
Tue Oct 10 13:11:39 UTC 2023,10,148839
Tue Oct 10 13:11:40 UTC 2023,10,151529
Tue Oct 10 13:11:40 UTC 2023,10,148820
Tue Oct 10 13:11:41 UTC 2023,10,151677
Tue Oct 10 13:11:41 UTC 2023,10,150195
Tue Oct 10 13:11:42 UTC 2023,10,149217
Tue Oct 10 13:11:42 UTC 2023,10,150926
Tue Oct 10 13:11:43 UTC 2023,10,149165
Tue Oct 10 13:11:43 UTC 2023,10,151541
Tue Oct 10 13:11:44 UTC 2023,10,149134
Tue Oct 10 13:11:45 UTC 2023,10,151677
Tue Oct 10 13:11:45 UTC 2023,10,149164
Tue Oct 10 13:11:46 UTC 2023,10,151517
Tue Oct 10 13:11:46 UTC 2023,10,148911
Tue Oct 10 13:11:46 UTC 2023,10,151621
Tue Oct 10 13:11:47 UTC 2023,10,148871
Tue Oct 10 13:11:47 UTC 2023,10,151621
Tue Oct 10 13:11:48 UTC 2023,10,149100
Tue Oct 10 13:11:48 UTC 2023,10,151657
Tue Oct 10 13:11:49 UTC 2023,10,148947
Tue Oct 10 13:11:49 UTC 2023,10,150666
Tue Oct 10 13:11:50 UTC 2023,10,149229
Tue Oct 10 13:11:51 UTC 2023,10,151841
Tue Oct 10 13:11:51 UTC 2023,10,152021
Tue Oct 10 13:11:52 UTC 2023,10,149360
Tue Oct 10 13:11:52 UTC 2023,10,151925
Tue Oct 10 13:11:52 UTC 2023,10,149243
Tue Oct 10 13:11:53 UTC 2023,10,151989
Tue Oct 10 13:11:54 UTC 2023,10,149426
Tue Oct 10 13:11:54 UTC 2023,10,151765
Tue Oct 10 13:11:55 UTC 2023,10,149092
Tue Oct 10 13:11:55 UTC 2023,10,151733
Tue Oct 10 13:11:55 UTC 2023,10,149188
Tue Oct 10 13:11:56 UTC 2023,10,151669
Tue Oct 10 13:11:56 UTC 2023,10,149202
Tue Oct 10 13:11:57 UTC 2023,10,151821
Tue Oct 10 13:11:58 UTC 2023,10,149436
Tue Oct 10 13:11:58 UTC 2023,10,151781
Tue Oct 10 13:11:59 UTC 2023,10,149260
Tue Oct 10 13:11:59 UTC 2023,10,151877
Tue Oct 10 13:11:59 UTC 2023,10,150457
Tue Oct 10 13:12:00 UTC 2023,10,149485
Tue Oct 10 13:12:01 UTC 2023,10,149138
Tue Oct 10 13:12:01 UTC 2023,10,151369
Tue Oct 10 13:12:02 UTC 2023,10,149226
Tue Oct 10 13:12:02 UTC 2023,10,149206
Tue Oct 10 13:12:03 UTC 2023,10,152061
Tue Oct 10 13:12:03 UTC 2023,10,149322
Tue Oct 10 13:12:04 UTC 2023,10,151877
Tue Oct 10 13:12:04 UTC 2023,10,149160
Tue Oct 10 13:12:05 UTC 2023,10,151969
Tue Oct 10 13:12:05 UTC 2023,10,149138
Tue Oct 10 13:12:06 UTC 2023,10,152037
Tue Oct 10 13:12:06 UTC 2023,10,152037
Tue Oct 10 13:12:07 UTC 2023,10,149195
Tue Oct 10 13:12:07 UTC 2023,10,152045
Tue Oct 10 13:12:08 UTC 2023,10,149532
Tue Oct 10 13:12:08 UTC 2023,10,151965
Tue Oct 10 13:12:09 UTC 2023,10,149286
Tue Oct 10 13:12:09 UTC 2023,10,149258
Tue Oct 10 13:12:10 UTC 2023,10,152017
Tue Oct 10 13:12:10 UTC 2023,10,149432
Tue Oct 10 13:12:11 UTC 2023,10,151849
Tue Oct 10 13:12:11 UTC 2023,10,149310
Tue Oct 10 13:12:12 UTC 2023,10,149278
Tue Oct 10 13:12:12 UTC 2023,10,149280
Tue Oct 10 13:12:13 UTC 2023,10,149278
Tue Oct 10 13:12:13 UTC 2023,10,149274
Tue Oct 10 13:12:14 UTC 2023,10,149274
Tue Oct 10 13:12:14 UTC 2023,10,149274
Tue Oct 10 13:12:15 UTC 2023,10,149274
Tue Oct 10 13:12:15 UTC 2023,10,149274
Tue Oct 10 13:12:16 UTC 2023,10,149274
Tue Oct 10 13:12:16 UTC 2023,10,149274
Tue Oct 10 13:12:17 UTC 2023,10,149274
Tue Oct 10 13:12:17 UTC 2023,10,149274
Tue Oct 10 13:12:18 UTC 2023,10,149270
Tue Oct 10 13:12:18 UTC 2023,10,149274
Tue Oct 10 13:12:19 UTC 2023,10,149274
Tue Oct 10 13:12:19 UTC 2023,10,149274
Tue Oct 10 13:12:20 UTC 2023,10,149274
Tue Oct 10 13:12:20 UTC 2023,10,149274
Tue Oct 10 13:12:21 UTC 2023,10,149274
Tue Oct 10 13:12:21 UTC 2023,10,149274
Tue Oct 10 13:12:22 UTC 2023,10,149274
Tue Oct 10 13:12:22 UTC 2023,10,149274
Tue Oct 10 13:12:23 UTC 2023,10,149274
Tue Oct 10 13:12:23 UTC 2023,10,149270
Tue Oct 10 13:12:24 UTC 2023,10,149274
Tue Oct 10 13:12:24 UTC 2023,10,149274
Tue Oct 10 13:12:24 UTC 2023,10,149274
Tue Oct 10 13:12:25 UTC 2023,10,149274
Tue Oct 10 13:12:26 UTC 2023,10,149274
Tue Oct 10 13:12:26 UTC 2023,10,149274
Tue Oct 10 13:12:27 UTC 2023,10,149274
Tue Oct 10 13:12:27 UTC 2023,10,149274
Tue Oct 10 13:12:27 UTC 2023,10,149274
Tue Oct 10 13:12:28 UTC 2023,10,149274
Tue Oct 10 13:12:28 UTC 2023,10,149270
Tue Oct 10 13:12:29 UTC 2023,10,149274
Tue Oct 10 13:12:29 UTC 2023,10,149274
Tue Oct 10 13:12:30 UTC 2023,10,149274
Tue Oct 10 13:12:30 UTC 2023,10,149274
Tue Oct 10 13:12:31 UTC 2023,10,149274
Tue Oct 10 13:12:31 UTC 2023,10,149274
Tue Oct 10 13:12:32 UTC 2023,10,149274
Tue Oct 10 13:12:33 UTC 2023,10,149274
Tue Oct 10 13:12:34 UTC 2023,10,149270
Tue Oct 10 13:12:35 UTC 2023,10,149274
Tue Oct 10 13:12:35 UTC 2023,10,149274
Tue Oct 10 13:12:36 UTC 2023,10,149274
Tue Oct 10 13:12:36 UTC 2023,10,149274
Tue Oct 10 13:12:37 UTC 2023,10,149274
Tue Oct 10 13:12:37 UTC 2023,10,149274
Tue Oct 10 13:12:38 UTC 2023,10,149274
Tue Oct 10 13:12:38 UTC 2023,10,149274
Tue Oct 10 13:12:39 UTC 2023,10,149274
Tue Oct 10 13:12:39 UTC 2023,10,149274
Tue Oct 10 13:12:40 UTC 2023,10,149274
Tue Oct 10 13:12:40 UTC 2023,10,149274
Tue Oct 10 13:12:41 UTC 2023,10,149274
Tue Oct 10 13:12:42 UTC 2023,10,149274
Tue Oct 10 13:12:42 UTC 2023,10,149274
Tue Oct 10 13:12:42 UTC 2023,10,149274
Tue Oct 10 13:12:43 UTC 2023,10,149274
Tue Oct 10 13:12:44 UTC 2023,10,149274
Tue Oct 10 13:12:44 UTC 2023,10,149274
Tue Oct 10 13:12:45 UTC 2023,10,149270
Tue Oct 10 13:12:45 UTC 2023,10,149274
Tue Oct 10 13:12:45 UTC 2023,10,149274
Tue Oct 10 13:12:46 UTC 2023,10,149274
Tue Oct 10 13:12:46 UTC 2023,10,149274
Tue Oct 10 13:12:47 UTC 2023,10,149274
Tue Oct 10 13:12:47 UTC 2023,10,149274
Tue Oct 10 13:12:48 UTC 2023,10,149274
Tue Oct 10 13:12:48 UTC 2023,10,149274
Tue Oct 10 13:12:49 UTC 2023,10,149274
Tue Oct 10 13:12:49 UTC 2023,10,149274
Tue Oct 10 13:12:50 UTC 2023,10,149270
Tue Oct 10 13:12:50 UTC 2023,10,149274
Tue Oct 10 13:12:51 UTC 2023,10,149274
Tue Oct 10 13:12:51 UTC 2023,10,149274
Tue Oct 10 13:12:52 UTC 2023,10,149274
Tue Oct 10 13:12:52 UTC 2023,10,149274
Tue Oct 10 13:12:53 UTC 2023,10,149274
Tue Oct 10 13:12:53 UTC 2023,10,149274
Tue Oct 10 13:12:54 UTC 2023,10,149274
Tue Oct 10 13:12:54 UTC 2023,10,149274
Tue Oct 10 13:12:55 UTC 2023,10,149274
Tue Oct 10 13:12:55 UTC 2023,10,149274
Tue Oct 10 13:12:56 UTC 2023,10,149274
Tue Oct 10 13:12:56 UTC 2023,10,149274
Tue Oct 10 13:12:57 UTC 2023,10,149274
Tue Oct 10 13:12:57 UTC 2023,10,149274
Tue Oct 10 13:12:58 UTC 2023,10,149274
Tue Oct 10 13:12:58 UTC 2023,10,149274
Tue Oct 10 13:12:59 UTC 2023,10,149274
Tue Oct 10 13:12:59 UTC 2023,10,149274
Tue Oct 10 13:13:00 UTC 2023,10,149274
Tue Oct 10 13:13:00 UTC 2023,10,149274
Tue Oct 10 13:13:01 UTC 2023,10,149274
Tue Oct 10 13:13:01 UTC 2023,10,149274
Tue Oct 10 13:13:02 UTC 2023,10,149274
Tue Oct 10 13:13:02 UTC 2023,10,149274
Tue Oct 10 13:13:03 UTC 2023,10,149274
Tue Oct 10 13:13:03 UTC 2023,10,149492
Tue Oct 10 13:13:04 UTC 2023,10,149382
Tue Oct 10 13:13:04 UTC 2023,10,149378
Tue Oct 10 13:13:05 UTC 2023,10,149378
Tue Oct 10 13:13:05 UTC 2023,10,149378
Tue Oct 10 13:13:06 UTC 2023,10,149374
Tue Oct 10 13:13:06 UTC 2023,10,149378
Tue Oct 10 13:13:07 UTC 2023,10,149378
Tue Oct 10 13:13:07 UTC 2023,10,149378
Tue Oct 10 13:13:08 UTC 2023,10,149378
Tue Oct 10 13:13:08 UTC 2023,10,149378
Tue Oct 10 13:13:09 UTC 2023,10,149378
Tue Oct 10 13:13:09 UTC 2023,10,149378
Tue Oct 10 13:13:10 UTC 2023,10,149378
Tue Oct 10 13:13:10 UTC 2023,10,149378
Tue Oct 10 13:13:11 UTC 2023,10,149378
Tue Oct 10 13:13:11 UTC 2023,10,149374
Tue Oct 10 13:13:12 UTC 2023,10,149378
Tue Oct 10 13:13:12 UTC 2023,10,149378
Tue Oct 10 13:13:13 UTC 2023,10,149378
Tue Oct 10 13:13:13 UTC 2023,10,149378
Tue Oct 10 13:13:14 UTC 2023,10,149422
Tue Oct 10 13:13:14 UTC 2023,10,149374
Tue Oct 10 13:13:15 UTC 2023,10,149390
Tue Oct 10 13:13:15 UTC 2023,10,149374
Tue Oct 10 13:13:16 UTC 2023,10,149374
Tue Oct 10 13:13:16 UTC 2023,10,149374
Tue Oct 10 13:13:17 UTC 2023,10,149374
Tue Oct 10 13:13:17 UTC 2023,10,149374
Tue Oct 10 13:13:18 UTC 2023,10,149374
Tue Oct 10 13:13:18 UTC 2023,10,149374
Tue Oct 10 13:13:19 UTC 2023,10,149374
Tue Oct 10 13:13:19 UTC 2023,10,149374
Tue Oct 10 13:13:20 UTC 2023,10,149374
Tue Oct 10 13:13:20 UTC 2023,10,149374
Tue Oct 10 13:13:21 UTC 2023,10,149374
Tue Oct 10 13:13:21 UTC 2023,10,149374
Tue Oct 10 13:13:22 UTC 2023,10,149370
Tue Oct 10 13:13:22 UTC 2023,10,149374
Tue Oct 10 13:13:23 UTC 2023,10,149374
Tue Oct 10 13:13:23 UTC 2023,10,149374
Tue Oct 10 13:13:24 UTC 2023,10,149374
Tue Oct 10 13:13:24 UTC 2023,10,149374
Tue Oct 10 13:13:25 UTC 2023,10,149374
Tue Oct 10 13:13:25 UTC 2023,10,149374
Tue Oct 10 13:13:26 UTC 2023,10,149374
Tue Oct 10 13:13:26 UTC 2023,10,149374
Tue Oct 10 13:13:27 UTC 2023,10,149374
Tue Oct 10 13:13:28 UTC 2023,10,149374
Tue Oct 10 13:13:28 UTC 2023,10,149374
Tue Oct 10 13:13:29 UTC 2023,10,149374
Tue Oct 10 13:13:29 UTC 2023,10,149374
Tue Oct 10 13:13:30 UTC 2023,10,149374
Tue Oct 10 13:13:30 UTC 2023,10,149374
Tue Oct 10 13:13:31 UTC 2023,10,149374
Tue Oct 10 13:13:31 UTC 2023,10,149354
Tue Oct 10 13:13:32 UTC 2023,10,149354
Tue Oct 10 13:13:33 UTC 2023,10,149350
Tue Oct 10 13:13:34 UTC 2023,10,149354
Tue Oct 10 13:13:35 UTC 2023,10,149354
Tue Oct 10 13:13:35 UTC 2023,10,149354
Tue Oct 10 13:13:36 UTC 2023,10,149354
Tue Oct 10 13:13:36 UTC 2023,10,149354
Tue Oct 10 13:13:37 UTC 2023,10,149354
Tue Oct 10 13:13:37 UTC 2023,10,149354
Tue Oct 10 13:13:38 UTC 2023,10,149354
Tue Oct 10 13:13:38 UTC 2023,10,149350
Tue Oct 10 13:13:39 UTC 2023,10,149354
Tue Oct 10 13:13:39 UTC 2023,10,149354
Tue Oct 10 13:13:39 UTC 2023,10,149354
Tue Oct 10 13:13:40 UTC 2023,10,149354
Tue Oct 10 13:13:41 UTC 2023,10,149354
Tue Oct 10 13:13:41 UTC 2023,10,149354
Tue Oct 10 13:13:42 UTC 2023,10,149354
Tue Oct 10 13:13:42 UTC 2023,10,149354
Tue Oct 10 13:13:43 UTC 2023,10,149354
Tue Oct 10 13:13:43 UTC 2023,10,149350
Tue Oct 10 13:13:44 UTC 2023,10,149354
Tue Oct 10 13:13:44 UTC 2023,10,149354
Tue Oct 10 13:13:45 UTC 2023,10,149354
Tue Oct 10 13:13:45 UTC 2023,10,149354
Tue Oct 10 13:13:46 UTC 2023,10,149354
Tue Oct 10 13:13:46 UTC 2023,10,149354
Tue Oct 10 13:13:47 UTC 2023,10,149354
Tue Oct 10 13:13:47 UTC 2023,10,149354
Tue Oct 10 13:13:48 UTC 2023,10,149354
Tue Oct 10 13:13:48 UTC 2023,10,149354
Tue Oct 10 13:13:49 UTC 2023,10,149350
Tue Oct 10 13:13:49 UTC 2023,10,149354
Tue Oct 10 13:13:50 UTC 2023,10,149334
Tue Oct 10 13:13:50 UTC 2023,10,149334
Tue Oct 10 13:13:51 UTC 2023,10,149334
Tue Oct 10 13:13:51 UTC 2023,10,149334
Tue Oct 10 13:13:52 UTC 2023,10,149334
Tue Oct 10 13:13:52 UTC 2023,10,149334
Tue Oct 10 13:13:53 UTC 2023,10,149334
Tue Oct 10 13:13:53 UTC 2023,10,149334
Tue Oct 10 13:13:54 UTC 2023,10,149334
Tue Oct 10 13:13:54 UTC 2023,10,149330
Tue Oct 10 13:13:55 UTC 2023,10,149334
Tue Oct 10 13:13:55 UTC 2023,10,149334
Tue Oct 10 13:13:56 UTC 2023,10,149334
Tue Oct 10 13:13:56 UTC 2023,10,149334
Tue Oct 10 13:13:57 UTC 2023,10,149334
Tue Oct 10 13:13:58 UTC 2023,10,149334
Tue Oct 10 13:13:58 UTC 2023,10,149334
Tue Oct 10 13:13:59 UTC 2023,10,149334
Tue Oct 10 13:13:59 UTC 2023,10,149334
Tue Oct 10 13:14:00 UTC 2023,10,149334
Tue Oct 10 13:14:00 UTC 2023,10,149334
Tue Oct 10 13:14:01 UTC 2023,10,149334
Tue Oct 10 13:14:01 UTC 2023,10,149334
Tue Oct 10 13:14:02 UTC 2023,10,149334
Tue Oct 10 13:14:02 UTC 2023,10,149334
Tue Oct 10 13:14:03 UTC 2023,10,149334
Tue Oct 10 13:14:03 UTC 2023,10,149342
Tue Oct 10 13:14:04 UTC 2023,10,149334
Tue Oct 10 13:14:04 UTC 2023,10,149334
Tue Oct 10 13:14:05 UTC 2023,10,149334
Tue Oct 10 13:14:05 UTC 2023,10,149334
Tue Oct 10 13:14:06 UTC 2023,10,149334
Tue Oct 10 13:14:06 UTC 2023,10,149334
Tue Oct 10 13:14:07 UTC 2023,10,149334
Tue Oct 10 13:14:07 UTC 2023,10,149362
Tue Oct 10 13:14:08 UTC 2023,10,149338
Tue Oct 10 13:14:08 UTC 2023,10,149334
Tue Oct 10 13:14:09 UTC 2023,10,149334
Tue Oct 10 13:14:09 UTC 2023,10,149334
Tue Oct 10 13:14:10 UTC 2023,10,149334
Tue Oct 10 13:14:10 UTC 2023,10,149334
Tue Oct 10 13:14:11 UTC 2023,10,149330
Tue Oct 10 13:14:11 UTC 2023,10,149334
Tue Oct 10 13:14:12 UTC 2023,10,149334
Tue Oct 10 13:14:12 UTC 2023,10,152160
Tue Oct 10 13:14:13 UTC 2023,10,149425
Tue Oct 10 13:14:13 UTC 2023,10,152123
Tue Oct 10 13:14:14 UTC 2023,10,149725
Tue Oct 10 13:14:14 UTC 2023,10,152207
Tue Oct 10 13:14:15 UTC 2023,10,149480
Tue Oct 10 13:14:15 UTC 2023,10,152359
Tue Oct 10 13:14:16 UTC 2023,10,149830
Tue Oct 10 13:14:16 UTC 2023,10,150119
Tue Oct 10 13:14:17 UTC 2023,10,150708
Tue Oct 10 13:14:17 UTC 2023,10,150099
Tue Oct 10 13:14:18 UTC 2023,10,149716
Tue Oct 10 13:14:18 UTC 2023,10,152634
Tue Oct 10 13:14:19 UTC 2023,10,152762
Tue Oct 10 13:14:19 UTC 2023,10,149942
Tue Oct 10 13:14:20 UTC 2023,10,150132
Tue Oct 10 13:14:20 UTC 2023,10,150118
Tue Oct 10 13:14:21 UTC 2023,10,150595
Tue Oct 10 13:14:21 UTC 2023,10,149922
Tue Oct 10 13:14:22 UTC 2023,10,152406
Tue Oct 10 13:14:22 UTC 2023,10,149910
Tue Oct 10 13:14:23 UTC 2023,10,152442
Tue Oct 10 13:14:23 UTC 2023,10,149904
Tue Oct 10 13:14:24 UTC 2023,10,152446
Tue Oct 10 13:14:25 UTC 2023,16,152654
Tue Oct 10 13:14:25 UTC 2023,16,150157
Tue Oct 10 13:14:26 UTC 2023,16,151706
Tue Oct 10 13:14:26 UTC 2023,16,150182
Tue Oct 10 13:14:27 UTC 2023,16,149800
Tue Oct 10 13:14:27 UTC 2023,16,152351
Tue Oct 10 13:14:28 UTC 2023,16,152847
Tue Oct 10 13:14:28 UTC 2023,16,151511
Tue Oct 10 13:14:29 UTC 2023,16,150075
Tue Oct 10 13:14:30 UTC 2023,16,152479
Tue Oct 10 13:14:30 UTC 2023,16,149839
Tue Oct 10 13:14:30 UTC 2023,16,152403
Tue Oct 10 13:14:31 UTC 2023,16,150027
Tue Oct 10 13:14:32 UTC 2023,16,152419
Tue Oct 10 13:14:32 UTC 2023,16,150024
Tue Oct 10 13:14:33 UTC 2023,16,152703
Tue Oct 10 13:14:34 UTC 2023,16,152975
Tue Oct 10 13:14:35 UTC 2023,16,150089
Tue Oct 10 13:14:36 UTC 2023,16,152931
Tue Oct 10 13:14:36 UTC 2023,16,150177
Tue Oct 10 13:14:37 UTC 2023,16,152175
Tue Oct 10 13:14:37 UTC 2023,16,150008
Tue Oct 10 13:14:38 UTC 2023,16,152869
Tue Oct 10 13:14:38 UTC 2023,16,150047
Tue Oct 10 13:14:39 UTC 2023,16,152913
Tue Oct 10 13:14:39 UTC 2023,16,153069
Tue Oct 10 13:14:40 UTC 2023,16,150168
Tue Oct 10 13:14:40 UTC 2023,16,152814
Tue Oct 10 13:14:41 UTC 2023,16,150064
Tue Oct 10 13:14:41 UTC 2023,16,153010
Tue Oct 10 13:14:42 UTC 2023,16,150450
Tue Oct 10 13:14:42 UTC 2023,16,150514
Tue Oct 10 13:14:43 UTC 2023,16,152918
Tue Oct 10 13:14:44 UTC 2023,16,150384
Tue Oct 10 13:14:44 UTC 2023,16,152998
Tue Oct 10 13:14:45 UTC 2023,16,150244
Tue Oct 10 13:14:45 UTC 2023,16,153002
Tue Oct 10 13:14:46 UTC 2023,16,150153
Tue Oct 10 13:14:46 UTC 2023,16,152898
Tue Oct 10 13:14:47 UTC 2023,16,150036
Tue Oct 10 13:14:47 UTC 2023,16,152550
Tue Oct 10 13:14:48 UTC 2023,16,151211
Tue Oct 10 13:14:48 UTC 2023,16,150454
Tue Oct 10 13:14:49 UTC 2023,16,152802
Tue Oct 10 13:14:49 UTC 2023,16,150180
Tue Oct 10 13:14:50 UTC 2023,16,152974
Tue Oct 10 13:14:50 UTC 2023,16,150180
Tue Oct 10 13:14:51 UTC 2023,16,152926
Tue Oct 10 13:14:51 UTC 2023,16,153074
Tue Oct 10 13:14:52 UTC 2023,16,150410
Tue Oct 10 13:14:52 UTC 2023,16,152882
Tue Oct 10 13:14:53 UTC 2023,16,150426
Tue Oct 10 13:14:53 UTC 2023,16,152822
Tue Oct 10 13:14:54 UTC 2023,16,150004
Tue Oct 10 13:14:54 UTC 2023,16,152714
Tue Oct 10 13:14:55 UTC 2023,16,152906
Tue Oct 10 13:14:55 UTC 2023,16,150040
Tue Oct 10 13:14:56 UTC 2023,16,152862
Tue Oct 10 13:14:56 UTC 2023,16,150344
Tue Oct 10 13:14:57 UTC 2023,16,152994
Tue Oct 10 13:14:57 UTC 2023,16,152019
Tue Oct 10 13:14:58 UTC 2023,16,150602
Tue Oct 10 13:14:59 UTC 2023,16,151426
Tue Oct 10 13:14:59 UTC 2023,16,150506
Tue Oct 10 13:15:00 UTC 2023,16,152826
Tue Oct 10 13:15:00 UTC 2023,16,150508
Tue Oct 10 13:15:01 UTC 2023,16,152910
Tue Oct 10 13:15:01 UTC 2023,16,150184
Tue Oct 10 13:15:02 UTC 2023,16,152930
Tue Oct 10 13:15:02 UTC 2023,16,152468
Tue Oct 10 13:15:03 UTC 2023,16,150446
Tue Oct 10 13:15:03 UTC 2023,16,152890
Tue Oct 10 13:15:04 UTC 2023,16,150364
Tue Oct 10 13:15:04 UTC 2023,16,152966
Tue Oct 10 13:15:05 UTC 2023,16,150442
Tue Oct 10 13:15:05 UTC 2023,16,153034
Tue Oct 10 13:15:06 UTC 2023,16,150324
Tue Oct 10 13:15:06 UTC 2023,16,153118
Tue Oct 10 13:15:07 UTC 2023,16,151568
Tue Oct 10 13:15:08 UTC 2023,16,150498
Tue Oct 10 13:15:08 UTC 2023,16,152526
Tue Oct 10 13:15:09 UTC 2023,16,150370
Tue Oct 10 13:15:09 UTC 2023,16,155182
Tue Oct 10 13:15:11 UTC 2023,16,150264
Tue Oct 10 13:15:11 UTC 2023,16,153030
Tue Oct 10 13:15:12 UTC 2023,16,150328
Tue Oct 10 13:15:12 UTC 2023,16,153082
Tue Oct 10 13:15:13 UTC 2023,16,150506
Tue Oct 10 13:15:13 UTC 2023,16,153018
Tue Oct 10 13:15:14 UTC 2023,16,152870
Tue Oct 10 13:15:14 UTC 2023,16,150654
Tue Oct 10 13:15:15 UTC 2023,16,153050
Tue Oct 10 13:15:15 UTC 2023,16,150486
Tue Oct 10 13:15:16 UTC 2023,16,150251
Tue Oct 10 13:15:16 UTC 2023,16,150846
Tue Oct 10 13:15:17 UTC 2023,16,150280
Tue Oct 10 13:15:17 UTC 2023,16,153102
Tue Oct 10 13:15:18 UTC 2023,16,150426
Tue Oct 10 13:15:18 UTC 2023,16,153198
Tue Oct 10 13:15:19 UTC 2023,16,150492
Tue Oct 10 13:15:19 UTC 2023,16,151407
Tue Oct 10 13:15:20 UTC 2023,16,151314
Tue Oct 10 13:15:20 UTC 2023,16,153135
Tue Oct 10 13:15:21 UTC 2023,16,150296
Tue Oct 10 13:15:21 UTC 2023,16,153109
Tue Oct 10 13:15:22 UTC 2023,16,150700
Tue Oct 10 13:15:22 UTC 2023,16,153196
Tue Oct 10 13:15:23 UTC 2023,16,150502
Tue Oct 10 13:15:23 UTC 2023,16,150469
Tue Oct 10 13:15:24 UTC 2023,16,151032
Tue Oct 10 13:15:24 UTC 2023,16,150474
Tue Oct 10 13:15:25 UTC 2023,16,150457
Tue Oct 10 13:15:25 UTC 2023,16,150461
Tue Oct 10 13:15:26 UTC 2023,16,150461
Tue Oct 10 13:15:26 UTC 2023,16,150461
Tue Oct 10 13:15:27 UTC 2023,16,150461
Tue Oct 10 13:15:27 UTC 2023,16,150461
Tue Oct 10 13:15:28 UTC 2023,16,150461
Tue Oct 10 13:15:28 UTC 2023,16,150461
Tue Oct 10 13:15:29 UTC 2023,16,150461
Tue Oct 10 13:15:29 UTC 2023,16,150461
Tue Oct 10 13:15:30 UTC 2023,16,150457
Tue Oct 10 13:15:30 UTC 2023,16,150461
Tue Oct 10 13:15:31 UTC 2023,16,150461
Tue Oct 10 13:15:31 UTC 2023,16,150461
Tue Oct 10 13:15:32 UTC 2023,16,150461
Tue Oct 10 13:15:33 UTC 2023,16,150461
Tue Oct 10 13:15:33 UTC 2023,16,150461
Tue Oct 10 13:15:34 UTC 2023,16,150461
Tue Oct 10 13:15:35 UTC 2023,16,150488
Tue Oct 10 13:15:36 UTC 2023,16,150492
Tue Oct 10 13:15:36 UTC 2023,16,150492
Tue Oct 10 13:15:37 UTC 2023,16,150492
Tue Oct 10 13:15:37 UTC 2023,16,150492
Tue Oct 10 13:15:38 UTC 2023,16,150492
Tue Oct 10 13:15:38 UTC 2023,16,150492
Tue Oct 10 13:15:39 UTC 2023,16,150492
Tue Oct 10 13:15:39 UTC 2023,16,150492
Tue Oct 10 13:15:40 UTC 2023,16,150492
Tue Oct 10 13:15:40 UTC 2023,16,150492
Tue Oct 10 13:15:41 UTC 2023,16,150488
Tue Oct 10 13:15:41 UTC 2023,16,150492
Tue Oct 10 13:15:42 UTC 2023,16,150492
Tue Oct 10 13:15:42 UTC 2023,16,150492
Tue Oct 10 13:15:43 UTC 2023,16,150492
Tue Oct 10 13:15:43 UTC 2023,16,150492
Tue Oct 10 13:15:44 UTC 2023,16,150492
Tue Oct 10 13:15:44 UTC 2023,16,150492
Tue Oct 10 13:15:45 UTC 2023,16,150488
Tue Oct 10 13:15:46 UTC 2023,16,150492
Tue Oct 10 13:15:47 UTC 2023,16,150492
Tue Oct 10 13:15:47 UTC 2023,16,150492
Tue Oct 10 13:15:48 UTC 2023,16,150492
Tue Oct 10 13:15:48 UTC 2023,16,150492
Tue Oct 10 13:15:49 UTC 2023,16,150492
Tue Oct 10 13:15:49 UTC 2023,16,150492
Tue Oct 10 13:15:50 UTC 2023,16,150492
Tue Oct 10 13:15:50 UTC 2023,16,150492
Tue Oct 10 13:15:51 UTC 2023,16,150887
Tue Oct 10 13:15:51 UTC 2023,16,150887
Tue Oct 10 13:15:52 UTC 2023,16,150887
Tue Oct 10 13:15:52 UTC 2023,16,150887
Tue Oct 10 13:15:53 UTC 2023,16,150887
Tue Oct 10 13:15:53 UTC 2023,16,150887
Tue Oct 10 13:15:54 UTC 2023,16,150887
Tue Oct 10 13:15:54 UTC 2023,16,150887
Tue Oct 10 13:15:55 UTC 2023,16,150887
Tue Oct 10 13:15:55 UTC 2023,16,150887
Tue Oct 10 13:15:56 UTC 2023,16,150887
Tue Oct 10 13:15:56 UTC 2023,16,150887
Tue Oct 10 13:15:57 UTC 2023,16,150883
Tue Oct 10 13:15:57 UTC 2023,16,150887
Tue Oct 10 13:15:58 UTC 2023,16,150887
Tue Oct 10 13:15:58 UTC 2023,16,150887
Tue Oct 10 13:15:59 UTC 2023,16,150887
Tue Oct 10 13:15:59 UTC 2023,16,150887
Tue Oct 10 13:16:00 UTC 2023,16,150887
Tue Oct 10 13:16:00 UTC 2023,16,150887
Tue Oct 10 13:16:01 UTC 2023,16,150887
Tue Oct 10 13:16:01 UTC 2023,16,150887
Tue Oct 10 13:16:02 UTC 2023,16,150887
Tue Oct 10 13:16:02 UTC 2023,16,150883
Tue Oct 10 13:16:03 UTC 2023,16,150887
Tue Oct 10 13:16:03 UTC 2023,16,150887
Tue Oct 10 13:16:04 UTC 2023,16,150887
Tue Oct 10 13:16:04 UTC 2023,16,150887
Tue Oct 10 13:16:05 UTC 2023,16,150887
Tue Oct 10 13:16:05 UTC 2023,16,150887
Tue Oct 10 13:16:05 UTC 2023,16,150887
Tue Oct 10 13:16:06 UTC 2023,16,150887
Tue Oct 10 13:16:07 UTC 2023,16,150887
Tue Oct 10 13:16:07 UTC 2023,16,150887
Tue Oct 10 13:16:08 UTC 2023,16,150887
Tue Oct 10 13:16:08 UTC 2023,16,150887
Tue Oct 10 13:16:09 UTC 2023,16,150887
Tue Oct 10 13:16:09 UTC 2023,16,150887
Tue Oct 10 13:16:10 UTC 2023,16,150887
Tue Oct 10 13:16:10 UTC 2023,16,150887
Tue Oct 10 13:16:11 UTC 2023,16,150887
Tue Oct 10 13:16:11 UTC 2023,16,150887
Tue Oct 10 13:16:12 UTC 2023,16,150887
Tue Oct 10 13:16:12 UTC 2023,16,150887
Tue Oct 10 13:16:13 UTC 2023,16,150883
Tue Oct 10 13:16:13 UTC 2023,16,150887
Tue Oct 10 13:16:14 UTC 2023,16,150887
Tue Oct 10 13:16:14 UTC 2023,16,150887
Tue Oct 10 13:16:15 UTC 2023,16,150887
Tue Oct 10 13:16:15 UTC 2023,16,150887
Tue Oct 10 13:16:16 UTC 2023,16,150867
Tue Oct 10 13:16:16 UTC 2023,16,150867
Tue Oct 10 13:16:17 UTC 2023,16,150867
Tue Oct 10 13:16:17 UTC 2023,16,150867
Tue Oct 10 13:16:18 UTC 2023,16,150867
Tue Oct 10 13:16:18 UTC 2023,16,150863
Tue Oct 10 13:16:19 UTC 2023,16,150867
Tue Oct 10 13:16:20 UTC 2023,16,150867
Tue Oct 10 13:16:20 UTC 2023,16,150867
Tue Oct 10 13:16:21 UTC 2023,16,150867
Tue Oct 10 13:16:21 UTC 2023,16,150867
Tue Oct 10 13:16:22 UTC 2023,16,150867
Tue Oct 10 13:16:22 UTC 2023,16,150867
Tue Oct 10 13:16:23 UTC 2023,16,150867
Tue Oct 10 13:16:23 UTC 2023,16,150867
Tue Oct 10 13:16:24 UTC 2023,16,150863
Tue Oct 10 13:16:24 UTC 2023,16,150867
Tue Oct 10 13:16:25 UTC 2023,16,150867
Tue Oct 10 13:16:25 UTC 2023,16,150867
Tue Oct 10 13:16:26 UTC 2023,16,150867
Tue Oct 10 13:16:26 UTC 2023,16,150867
Tue Oct 10 13:16:27 UTC 2023,16,150867
Tue Oct 10 13:16:27 UTC 2023,16,150867
Tue Oct 10 13:16:28 UTC 2023,16,150867
Tue Oct 10 13:16:28 UTC 2023,16,150867
Tue Oct 10 13:16:29 UTC 2023,16,150867
Tue Oct 10 13:16:29 UTC 2023,16,150867
Tue Oct 10 13:16:30 UTC 2023,16,150867
Tue Oct 10 13:16:30 UTC 2023,16,150867
Tue Oct 10 13:16:31 UTC 2023,16,150867
Tue Oct 10 13:16:31 UTC 2023,16,150867
Tue Oct 10 13:16:32 UTC 2023,16,150867
Tue Oct 10 13:16:33 UTC 2023,16,150867
Tue Oct 10 13:16:33 UTC 2023,16,150867
Tue Oct 10 13:16:34 UTC 2023,16,150863
Tue Oct 10 13:16:35 UTC 2023,16,150867
Tue Oct 10 13:16:36 UTC 2023,16,150867
Tue Oct 10 13:16:36 UTC 2023,16,150867
Tue Oct 10 13:16:37 UTC 2023,16,150867
Tue Oct 10 13:16:37 UTC 2023,16,150867
Tue Oct 10 13:16:38 UTC 2023,16,150867
Tue Oct 10 13:16:38 UTC 2023,16,150867
Tue Oct 10 13:16:39 UTC 2023,16,150867
Tue Oct 10 13:16:39 UTC 2023,16,150867
Tue Oct 10 13:16:40 UTC 2023,16,150875
Tue Oct 10 13:16:40 UTC 2023,16,150867
Tue Oct 10 13:16:41 UTC 2023,16,150867
Tue Oct 10 13:16:41 UTC 2023,16,150867
Tue Oct 10 13:16:42 UTC 2023,16,150867
Tue Oct 10 13:16:42 UTC 2023,16,150867
Tue Oct 10 13:16:43 UTC 2023,16,150867
Tue Oct 10 13:16:43 UTC 2023,16,150867
Tue Oct 10 13:16:44 UTC 2023,16,150867
Tue Oct 10 13:16:44 UTC 2023,16,150867
Tue Oct 10 13:16:45 UTC 2023,16,150867
Tue Oct 10 13:16:45 UTC 2023,16,150867
Tue Oct 10 13:16:46 UTC 2023,16,150867
Tue Oct 10 13:16:46 UTC 2023,16,150867
Tue Oct 10 13:16:47 UTC 2023,16,150867
Tue Oct 10 13:16:47 UTC 2023,16,150867
Tue Oct 10 13:16:48 UTC 2023,16,150867
Tue Oct 10 13:16:48 UTC 2023,16,150867
Tue Oct 10 13:16:49 UTC 2023,16,150867
Tue Oct 10 13:16:49 UTC 2023,16,150867
Tue Oct 10 13:16:50 UTC 2023,16,150867
Tue Oct 10 13:16:50 UTC 2023,16,150863
Tue Oct 10 13:16:51 UTC 2023,16,150867
Tue Oct 10 13:16:51 UTC 2023,16,150867
Tue Oct 10 13:16:52 UTC 2023,16,150867
Tue Oct 10 13:16:52 UTC 2023,16,150867
Tue Oct 10 13:16:53 UTC 2023,16,150867
Tue Oct 10 13:16:53 UTC 2023,16,150867
Tue Oct 10 13:16:54 UTC 2023,16,150867
Tue Oct 10 13:16:54 UTC 2023,16,150867
Tue Oct 10 13:16:55 UTC 2023,16,150867
Tue Oct 10 13:16:55 UTC 2023,16,150867
Tue Oct 10 13:16:56 UTC 2023,16,150863
Tue Oct 10 13:16:56 UTC 2023,16,150867
Tue Oct 10 13:16:57 UTC 2023,16,150867
Tue Oct 10 13:16:57 UTC 2023,16,150867
Tue Oct 10 13:16:58 UTC 2023,16,150867
Tue Oct 10 13:16:58 UTC 2023,16,150867
Tue Oct 10 13:16:59 UTC 2023,16,150867
Tue Oct 10 13:16:59 UTC 2023,16,150867
Tue Oct 10 13:17:00 UTC 2023,16,150847
Tue Oct 10 13:17:00 UTC 2023,16,150847
Tue Oct 10 13:17:01 UTC 2023,16,150843
Tue Oct 10 13:17:01 UTC 2023,16,150847
Tue Oct 10 13:17:02 UTC 2023,16,150847
Tue Oct 10 13:17:02 UTC 2023,16,150847
Tue Oct 10 13:17:03 UTC 2023,16,150847
Tue Oct 10 13:17:03 UTC 2023,16,150907
Tue Oct 10 13:17:04 UTC 2023,16,151009
Tue Oct 10 13:17:04 UTC 2023,16,150911
Tue Oct 10 13:17:05 UTC 2023,16,150911
Tue Oct 10 13:17:05 UTC 2023,16,150911
Tue Oct 10 13:17:06 UTC 2023,16,150911
Tue Oct 10 13:17:06 UTC 2023,16,150911
Tue Oct 10 13:17:07 UTC 2023,16,150911
Tue Oct 10 13:17:07 UTC 2023,16,150911
Tue Oct 10 13:17:08 UTC 2023,16,150911
Tue Oct 10 13:17:08 UTC 2023,16,150911
Tue Oct 10 13:17:09 UTC 2023,16,150911
Tue Oct 10 13:17:09 UTC 2023,16,150911
Tue Oct 10 13:17:10 UTC 2023,16,150911
Tue Oct 10 13:17:10 UTC 2023,16,150911
Tue Oct 10 13:17:11 UTC 2023,16,150911
Tue Oct 10 13:17:11 UTC 2023,16,150907
Tue Oct 10 13:17:12 UTC 2023,16,150911
Tue Oct 10 13:17:12 UTC 2023,16,150911
Tue Oct 10 13:17:13 UTC 2023,16,150911
Tue Oct 10 13:17:13 UTC 2023,16,150911
Tue Oct 10 13:17:14 UTC 2023,16,150911
Tue Oct 10 13:17:14 UTC 2023,16,150911
Tue Oct 10 13:17:15 UTC 2023,16,150911
Tue Oct 10 13:17:15 UTC 2023,16,150911
Tue Oct 10 13:17:16 UTC 2023,16,150911
Tue Oct 10 13:17:16 UTC 2023,16,150911
Tue Oct 10 13:17:17 UTC 2023,16,150911
Tue Oct 10 13:17:17 UTC 2023,16,150911
Tue Oct 10 13:17:18 UTC 2023,16,150911
Tue Oct 10 13:17:18 UTC 2023,16,150911
Tue Oct 10 13:17:19 UTC 2023,16,150911
Tue Oct 10 13:17:19 UTC 2023,16,150911
Tue Oct 10 13:17:20 UTC 2023,16,150911
Tue Oct 10 13:17:20 UTC 2023,16,150911
Tue Oct 10 13:17:20 UTC 2023,16,150911
Tue Oct 10 13:17:21 UTC 2023,16,150911
Tue Oct 10 13:17:22 UTC 2023,16,150891
Tue Oct 10 13:17:22 UTC 2023,16,150887
Tue Oct 10 13:17:23 UTC 2023,16,150891
Tue Oct 10 13:17:23 UTC 2023,16,153550
Tue Oct 10 13:17:23 UTC 2023,16,151202
Tue Oct 10 13:17:24 UTC 2023,16,153594
Tue Oct 10 13:17:25 UTC 2023,16,151955
Tue Oct 10 13:17:25 UTC 2023,16,151254
Tue Oct 10 13:17:26 UTC 2023,16,153514
Tue Oct 10 13:17:26 UTC 2023,16,151154
Tue Oct 10 13:17:27 UTC 2023,16,153778
Tue Oct 10 13:17:27 UTC 2023,16,153582
Tue Oct 10 13:17:28 UTC 2023,16,151266
Tue Oct 10 13:17:28 UTC 2023,16,153526
Tue Oct 10 13:17:29 UTC 2023,16,151094
Tue Oct 10 13:17:29 UTC 2023,16,151150
Tue Oct 10 13:17:30 UTC 2023,16,151874
Tue Oct 10 13:17:31 UTC 2023,16,153714
Tue Oct 10 13:17:31 UTC 2023,16,151194
Tue Oct 10 13:17:32 UTC 2023,16,153678
Tue Oct 10 13:17:32 UTC 2023,16,153822
Tue Oct 10 13:17:33 UTC 2023,16,151199
Tue Oct 10 13:17:34 UTC 2023,16,153754
Tue Oct 10 13:17:34 UTC 2023,16,153846
Tue Oct 10 13:17:35 UTC 2023,16,151092
Tue Oct 10 13:17:36 UTC 2023,16,151152
Tue Oct 10 13:17:36 UTC 2023,16,153019
Tue Oct 10 13:17:37 UTC 2023,16,153539
Tue Oct 10 13:17:37 UTC 2023,16,151173
Tue Oct 10 13:17:38 UTC 2023,16,153627
Tue Oct 10 13:17:38 UTC 2023,16,151041
Tue Oct 10 13:17:39 UTC 2023,16,150830
Tue Oct 10 13:17:39 UTC 2023,16,150866
Tue Oct 10 13:17:40 UTC 2023,16,153643
Tue Oct 10 13:17:40 UTC 2023,16,153723
Tue Oct 10 13:17:41 UTC 2023,16,151139
Tue Oct 10 13:17:41 UTC 2023,16,153643
Tue Oct 10 13:17:42 UTC 2023,16,151015
Tue Oct 10 13:17:42 UTC 2023,16,153811
Tue Oct 10 13:17:43 UTC 2023,16,153991
Tue Oct 10 13:17:44 UTC 2023,16,151199
Tue Oct 10 13:17:44 UTC 2023,16,153775
Tue Oct 10 13:17:45 UTC 2023,16,151006
Tue Oct 10 13:17:45 UTC 2023,16,153631
Tue Oct 10 13:17:46 UTC 2023,16,151014
Tue Oct 10 13:17:46 UTC 2023,16,153815
Tue Oct 10 13:17:47 UTC 2023,16,153943
Tue Oct 10 13:17:47 UTC 2023,16,152288
Tue Oct 10 13:17:48 UTC 2023,16,154580
Tue Oct 10 13:17:48 UTC 2023,16,151353
Tue Oct 10 13:17:49 UTC 2023,16,153880
Tue Oct 10 13:17:49 UTC 2023,16,151191
Tue Oct 10 13:17:50 UTC 2023,16,153909
Tue Oct 10 13:17:50 UTC 2023,16,153941
Tue Oct 10 13:17:51 UTC 2023,16,151367
Tue Oct 10 13:17:51 UTC 2023,16,153788
Tue Oct 10 13:17:52 UTC 2023,16,151079
Tue Oct 10 13:17:52 UTC 2023,16,153776
Tue Oct 10 13:17:53 UTC 2023,16,152408
Tue Oct 10 13:17:53 UTC 2023,16,151425
Tue Oct 10 13:17:54 UTC 2023,16,153751
Tue Oct 10 13:17:54 UTC 2023,16,151079
Tue Oct 10 13:17:55 UTC 2023,16,153939
Tue Oct 10 13:17:55 UTC 2023,16,153939
Tue Oct 10 13:17:56 UTC 2023,16,151361
Tue Oct 10 13:17:57 UTC 2023,16,153781
Tue Oct 10 13:17:57 UTC 2023,16,151083
Tue Oct 10 13:17:58 UTC 2023,16,153905
Tue Oct 10 13:17:58 UTC 2023,16,153949
Tue Oct 10 13:17:59 UTC 2023,16,151430
Tue Oct 10 13:17:59 UTC 2023,16,153941
Tue Oct 10 13:18:00 UTC 2023,16,151477
Tue Oct 10 13:18:00 UTC 2023,16,153393
Tue Oct 10 13:18:01 UTC 2023,16,153897
Tue Oct 10 13:18:01 UTC 2023,16,151517
Tue Oct 10 13:18:02 UTC 2023,16,153545
Tue Oct 10 13:18:02 UTC 2023,16,151281
Tue Oct 10 13:18:03 UTC 2023,16,153689
Tue Oct 10 13:18:03 UTC 2023,16,151171
Tue Oct 10 13:18:04 UTC 2023,16,153789
Tue Oct 10 13:18:04 UTC 2023,16,151425
Tue Oct 10 13:18:05 UTC 2023,16,153533
Tue Oct 10 13:18:05 UTC 2023,16,153714
Tue Oct 10 13:18:06 UTC 2023,16,151389
Tue Oct 10 13:18:06 UTC 2023,16,153961
Tue Oct 10 13:18:07 UTC 2023,16,151319
Tue Oct 10 13:18:07 UTC 2023,16,154113
Tue Oct 10 13:18:08 UTC 2023,16,153989
Tue Oct 10 13:18:08 UTC 2023,16,151573
Tue Oct 10 13:18:09 UTC 2023,16,154073
Tue Oct 10 13:18:09 UTC 2023,16,151455
Tue Oct 10 13:18:10 UTC 2023,16,151426
Tue Oct 10 13:18:10 UTC 2023,16,154021
Tue Oct 10 13:18:11 UTC 2023,16,151230
Tue Oct 10 13:18:12 UTC 2023,16,153965
Tue Oct 10 13:18:12 UTC 2023,16,154009
Tue Oct 10 13:18:13 UTC 2023,16,151371
Tue Oct 10 13:18:13 UTC 2023,16,153901
Tue Oct 10 13:18:14 UTC 2023,16,151341
Tue Oct 10 13:18:14 UTC 2023,16,153945
Tue Oct 10 13:18:15 UTC 2023,16,151411
Tue Oct 10 13:18:15 UTC 2023,16,153453
Tue Oct 10 13:18:16 UTC 2023,16,153018
Tue Oct 10 13:18:16 UTC 2023,16,151749
Tue Oct 10 13:18:17 UTC 2023,16,154077
Tue Oct 10 13:18:17 UTC 2023,16,151438
Tue Oct 10 13:18:18 UTC 2023,16,153865
Tue Oct 10 13:18:18 UTC 2023,16,154037
Tue Oct 10 13:18:19 UTC 2023,16,151589
Tue Oct 10 13:18:19 UTC 2023,16,153941
Tue Oct 10 13:18:20 UTC 2023,16,151433
Tue Oct 10 13:18:20 UTC 2023,16,153945
Tue Oct 10 13:18:21 UTC 2023,16,153829
Tue Oct 10 13:18:21 UTC 2023,16,151585
Tue Oct 10 13:18:22 UTC 2023,16,152314
Tue Oct 10 13:18:22 UTC 2023,16,151461
Tue Oct 10 13:18:23 UTC 2023,16,153957
Tue Oct 10 13:18:24 UTC 2023,16,153435
Tue Oct 10 13:18:24 UTC 2023,16,151665
Tue Oct 10 13:18:25 UTC 2023,16,152462
Tue Oct 10 13:18:25 UTC 2023,16,151441
Tue Oct 10 13:18:25 UTC 2023,16,152222
Tue Oct 10 13:18:26 UTC 2023,16,151441
Tue Oct 10 13:18:26 UTC 2023,16,154025
Tue Oct 10 13:18:27 UTC 2023,16,151299
Tue Oct 10 13:18:28 UTC 2023,16,153689
Tue Oct 10 13:18:28 UTC 2023,16,151274
Tue Oct 10 13:18:29 UTC 2023,16,154093
Tue Oct 10 13:18:29 UTC 2023,16,151351
Tue Oct 10 13:18:29 UTC 2023,16,153977
Tue Oct 10 13:18:30 UTC 2023,16,151262
Tue Oct 10 13:18:31 UTC 2023,16,151198
Tue Oct 10 13:18:31 UTC 2023,16,151245
Tue Oct 10 13:18:32 UTC 2023,16,151242
Tue Oct 10 13:18:32 UTC 2023,16,151234
Tue Oct 10 13:18:33 UTC 2023,16,151242
Tue Oct 10 13:18:34 UTC 2023,16,151238
Tue Oct 10 13:18:35 UTC 2023,16,151234
Tue Oct 10 13:18:35 UTC 2023,16,151234
Tue Oct 10 13:18:36 UTC 2023,16,151230
Tue Oct 10 13:18:36 UTC 2023,16,151234
Tue Oct 10 13:18:37 UTC 2023,16,151234
Tue Oct 10 13:18:37 UTC 2023,16,151234
Tue Oct 10 13:18:38 UTC 2023,16,151234
Tue Oct 10 13:18:38 UTC 2023,16,151234
Tue Oct 10 13:18:39 UTC 2023,16,151234
Tue Oct 10 13:18:39 UTC 2023,16,151234
Tue Oct 10 13:18:40 UTC 2023,16,151238
Tue Oct 10 13:18:40 UTC 2023,16,151234
Tue Oct 10 13:18:41 UTC 2023,16,151234
Tue Oct 10 13:18:41 UTC 2023,16,151230
Tue Oct 10 13:18:42 UTC 2023,16,151274
Tue Oct 10 13:18:42 UTC 2023,16,151278
Tue Oct 10 13:18:43 UTC 2023,16,151234
Tue Oct 10 13:18:43 UTC 2023,16,151274
Tue Oct 10 13:18:44 UTC 2023,16,151238
Tue Oct 10 13:18:44 UTC 2023,16,151230
Tue Oct 10 13:18:45 UTC 2023,16,151230
Tue Oct 10 13:18:45 UTC 2023,16,151230
Tue Oct 10 13:18:46 UTC 2023,16,151230
Tue Oct 10 13:18:46 UTC 2023,16,151230
Tue Oct 10 13:18:47 UTC 2023,16,151230
Tue Oct 10 13:18:47 UTC 2023,16,151230
Tue Oct 10 13:18:48 UTC 2023,16,151230
Tue Oct 10 13:18:48 UTC 2023,16,151230
Tue Oct 10 13:18:49 UTC 2023,16,151230
Tue Oct 10 13:18:49 UTC 2023,16,151230
Tue Oct 10 13:18:50 UTC 2023,16,151230
Tue Oct 10 13:18:50 UTC 2023,16,151230
Tue Oct 10 13:18:51 UTC 2023,16,151230
Tue Oct 10 13:18:51 UTC 2023,16,151230
Tue Oct 10 13:18:52 UTC 2023,16,151230
Tue Oct 10 13:18:52 UTC 2023,16,151230
Tue Oct 10 13:18:53 UTC 2023,16,151230
Tue Oct 10 13:18:53 UTC 2023,16,151230
Tue Oct 10 13:18:54 UTC 2023,16,151230
Tue Oct 10 13:18:54 UTC 2023,16,151230
Tue Oct 10 13:18:55 UTC 2023,16,151230
Tue Oct 10 13:18:55 UTC 2023,16,151230
Tue Oct 10 13:18:56 UTC 2023,16,151230
Tue Oct 10 13:18:56 UTC 2023,16,151230
Tue Oct 10 13:18:57 UTC 2023,16,151230
Tue Oct 10 13:18:57 UTC 2023,16,151230
Tue Oct 10 13:18:57 UTC 2023,16,151226
Tue Oct 10 13:18:58 UTC 2023,16,151230
Tue Oct 10 13:18:58 UTC 2023,16,151230
Tue Oct 10 13:18:59 UTC 2023,16,151230
Tue Oct 10 13:18:59 UTC 2023,16,151230
Tue Oct 10 13:19:00 UTC 2023,16,151230
Tue Oct 10 13:19:01 UTC 2023,16,151230
Tue Oct 10 13:19:02 UTC 2023,16,151230
Tue Oct 10 13:19:02 UTC 2023,16,151230
Tue Oct 10 13:19:03 UTC 2023,16,151230
Tue Oct 10 13:19:03 UTC 2023,16,151230
Tue Oct 10 13:19:03 UTC 2023,16,151230
Tue Oct 10 13:19:04 UTC 2023,16,151230
Tue Oct 10 13:19:05 UTC 2023,16,151230
Tue Oct 10 13:19:05 UTC 2023,16,151230
Tue Oct 10 13:19:06 UTC 2023,16,151230
Tue Oct 10 13:19:06 UTC 2023,16,151230
Tue Oct 10 13:19:06 UTC 2023,16,151230
Tue Oct 10 13:19:07 UTC 2023,16,151230
Tue Oct 10 13:19:08 UTC 2023,16,151226
Tue Oct 10 13:19:08 UTC 2023,16,151230
Tue Oct 10 13:19:09 UTC 2023,16,151230
Tue Oct 10 13:19:09 UTC 2023,16,151230
Tue Oct 10 13:19:10 UTC 2023,16,151230
Tue Oct 10 13:19:10 UTC 2023,16,151230
Tue Oct 10 13:19:11 UTC 2023,16,151230
Tue Oct 10 13:19:11 UTC 2023,16,151230
Tue Oct 10 13:19:11 UTC 2023,16,151230
Tue Oct 10 13:19:12 UTC 2023,16,151230
Tue Oct 10 13:19:12 UTC 2023,16,151230
Tue Oct 10 13:19:13 UTC 2023,16,151226
Tue Oct 10 13:19:13 UTC 2023,16,151230
Tue Oct 10 13:19:14 UTC 2023,16,151230
Tue Oct 10 13:19:14 UTC 2023,16,151230
Tue Oct 10 13:19:15 UTC 2023,16,151230
Tue Oct 10 13:19:15 UTC 2023,16,151230
Tue Oct 10 13:19:16 UTC 2023,16,151230
Tue Oct 10 13:19:16 UTC 2023,16,151230
Tue Oct 10 13:19:17 UTC 2023,16,151230
Tue Oct 10 13:19:18 UTC 2023,16,151230
Tue Oct 10 13:19:18 UTC 2023,16,151226
Tue Oct 10 13:19:18 UTC 2023,16,151230
Tue Oct 10 13:19:19 UTC 2023,16,151230
Tue Oct 10 13:19:19 UTC 2023,16,151230
Tue Oct 10 13:19:20 UTC 2023,16,151230
Tue Oct 10 13:19:21 UTC 2023,16,151230
Tue Oct 10 13:19:21 UTC 2023,16,151230
Tue Oct 10 13:19:21 UTC 2023,16,151230
Tue Oct 10 13:19:22 UTC 2023,16,151230
Tue Oct 10 13:19:22 UTC 2023,16,151230
Tue Oct 10 13:19:23 UTC 2023,16,151230
Tue Oct 10 13:19:23 UTC 2023,16,151226
Tue Oct 10 13:19:24 UTC 2023,16,151230
Tue Oct 10 13:19:24 UTC 2023,18,151230
Tue Oct 10 13:19:25 UTC 2023,18,151230
Tue Oct 10 13:19:25 UTC 2023,18,151230
Tue Oct 10 13:19:26 UTC 2023,18,151230
Tue Oct 10 13:19:27 UTC 2023,18,151230
Tue Oct 10 13:19:27 UTC 2023,18,151230
Tue Oct 10 13:19:28 UTC 2023,18,151230
Tue Oct 10 13:19:28 UTC 2023,18,151230
Tue Oct 10 13:19:29 UTC 2023,18,151226
Tue Oct 10 13:19:29 UTC 2023,18,151230
Tue Oct 10 13:19:30 UTC 2023,18,151230
Tue Oct 10 13:19:30 UTC 2023,18,151230
Tue Oct 10 13:19:31 UTC 2023,18,151230
Tue Oct 10 13:19:31 UTC 2023,18,151230
Tue Oct 10 13:19:32 UTC 2023,18,151230
Tue Oct 10 13:19:33 UTC 2023,18,151230
Tue Oct 10 13:19:33 UTC 2023,18,151230
Tue Oct 10 13:19:34 UTC 2023,18,151230
Tue Oct 10 13:19:35 UTC 2023,18,151230
Tue Oct 10 13:19:35 UTC 2023,18,151230
Tue Oct 10 13:19:36 UTC 2023,18,151230
Tue Oct 10 13:19:36 UTC 2023,18,151230
Tue Oct 10 13:19:37 UTC 2023,18,151230
Tue Oct 10 13:19:37 UTC 2023,18,151230
Tue Oct 10 13:19:38 UTC 2023,18,151230
Tue Oct 10 13:19:39 UTC 2023,18,151230
Tue Oct 10 13:19:39 UTC 2023,18,151250
Tue Oct 10 13:19:40 UTC 2023,18,151570
Tue Oct 10 13:19:40 UTC 2023,18,151238
Tue Oct 10 13:19:41 UTC 2023,18,151254
Tue Oct 10 13:19:41 UTC 2023,18,151246
Tue Oct 10 13:19:42 UTC 2023,18,151238
Tue Oct 10 13:19:42 UTC 2023,18,151238
Tue Oct 10 13:19:43 UTC 2023,18,151238
Tue Oct 10 13:19:43 UTC 2023,18,151238
Tue Oct 10 13:19:44 UTC 2023,18,151238
Tue Oct 10 13:19:44 UTC 2023,18,151238
Tue Oct 10 13:19:45 UTC 2023,18,151234
Tue Oct 10 13:19:45 UTC 2023,18,151238
Tue Oct 10 13:19:46 UTC 2023,18,151238
Tue Oct 10 13:19:46 UTC 2023,18,151238
Tue Oct 10 13:19:47 UTC 2023,18,151238
Tue Oct 10 13:19:47 UTC 2023,18,151238
Tue Oct 10 13:19:48 UTC 2023,18,151238
Tue Oct 10 13:19:48 UTC 2023,18,151238
Tue Oct 10 13:19:49 UTC 2023,18,151238
Tue Oct 10 13:19:49 UTC 2023,18,151238
Tue Oct 10 13:19:50 UTC 2023,18,151238
Tue Oct 10 13:19:50 UTC 2023,18,151234
Tue Oct 10 13:19:51 UTC 2023,18,151238
Tue Oct 10 13:19:51 UTC 2023,18,151238
Tue Oct 10 13:19:52 UTC 2023,18,151238
Tue Oct 10 13:19:52 UTC 2023,18,151238
Tue Oct 10 13:19:53 UTC 2023,18,151238
Tue Oct 10 13:19:53 UTC 2023,18,151238
Tue Oct 10 13:19:54 UTC 2023,18,151238
Tue Oct 10 13:19:54 UTC 2023,18,151238
Tue Oct 10 13:19:55 UTC 2023,18,151238
Tue Oct 10 13:19:55 UTC 2023,18,151234
Tue Oct 10 13:19:56 UTC 2023,18,151238
Tue Oct 10 13:19:56 UTC 2023,18,151238
Tue Oct 10 13:19:57 UTC 2023,18,151238
Tue Oct 10 13:19:57 UTC 2023,18,151238
Tue Oct 10 13:19:58 UTC 2023,18,151238
Tue Oct 10 13:19:58 UTC 2023,18,151238
Tue Oct 10 13:19:59 UTC 2023,18,151238
Tue Oct 10 13:19:59 UTC 2023,18,151238
Tue Oct 10 13:20:00 UTC 2023,18,151238
Tue Oct 10 13:20:00 UTC 2023,18,151234
Tue Oct 10 13:20:01 UTC 2023,18,151238
Tue Oct 10 13:20:01 UTC 2023,18,151238
Tue Oct 10 13:20:02 UTC 2023,18,151238
Tue Oct 10 13:20:02 UTC 2023,18,151238
Tue Oct 10 13:20:03 UTC 2023,18,151238
Tue Oct 10 13:20:03 UTC 2023,18,151238
Tue Oct 10 13:20:04 UTC 2023,18,151238
Tue Oct 10 13:20:04 UTC 2023,18,151238
Tue Oct 10 13:20:05 UTC 2023,18,151238
Tue Oct 10 13:20:05 UTC 2023,18,151238
Tue Oct 10 13:20:06 UTC 2023,18,151234
Tue Oct 10 13:20:07 UTC 2023,18,151238
Tue Oct 10 13:20:07 UTC 2023,18,151238
Tue Oct 10 13:20:07 UTC 2023,18,151238
Tue Oct 10 13:20:08 UTC 2023,18,151238
Tue Oct 10 13:20:08 UTC 2023,18,151238
Tue Oct 10 13:20:09 UTC 2023,18,151238
Tue Oct 10 13:20:09 UTC 2023,18,151238
Tue Oct 10 13:20:10 UTC 2023,18,151238
Tue Oct 10 13:20:11 UTC 2023,18,151238
Tue Oct 10 13:20:11 UTC 2023,18,151234
Tue Oct 10 13:20:12 UTC 2023,18,151238
Tue Oct 10 13:20:12 UTC 2023,18,151238
Tue Oct 10 13:20:12 UTC 2023,18,151238
Tue Oct 10 13:20:13 UTC 2023,18,151238
Tue Oct 10 13:20:14 UTC 2023,18,151238
Tue Oct 10 13:20:14 UTC 2023,18,151238
Tue Oct 10 13:20:15 UTC 2023,18,151238
Tue Oct 10 13:20:15 UTC 2023,18,151218
Tue Oct 10 13:20:15 UTC 2023,18,151218
Tue Oct 10 13:20:16 UTC 2023,18,151218
Tue Oct 10 13:20:16 UTC 2023,18,151218
Tue Oct 10 13:20:17 UTC 2023,18,151218
Tue Oct 10 13:20:17 UTC 2023,18,151218
Tue Oct 10 13:20:18 UTC 2023,18,151218
Tue Oct 10 13:20:18 UTC 2023,18,151218
Tue Oct 10 13:20:19 UTC 2023,18,151218
Tue Oct 10 13:20:19 UTC 2023,18,151218
Tue Oct 10 13:20:20 UTC 2023,18,151218
Tue Oct 10 13:20:20 UTC 2023,18,151218
Tue Oct 10 13:20:21 UTC 2023,18,151218
Tue Oct 10 13:20:21 UTC 2023,18,151218
Tue Oct 10 13:20:22 UTC 2023,18,151214
Tue Oct 10 13:20:22 UTC 2023,18,151218
Tue Oct 10 13:20:23 UTC 2023,18,151218
Tue Oct 10 13:20:23 UTC 2023,18,151218
Tue Oct 10 13:20:24 UTC 2023,18,151218
Tue Oct 10 13:20:24 UTC 2023,18,151218
Tue Oct 10 13:20:25 UTC 2023,18,151218
Tue Oct 10 13:20:25 UTC 2023,18,151218
Tue Oct 10 13:20:26 UTC 2023,18,151218
Tue Oct 10 13:20:26 UTC 2023,18,151218
Tue Oct 10 13:20:27 UTC 2023,18,151218
Tue Oct 10 13:20:28 UTC 2023,18,151194
Tue Oct 10 13:20:29 UTC 2023,18,151198
Tue Oct 10 13:20:29 UTC 2023,18,151194
Tue Oct 10 13:20:30 UTC 2023,18,151158
Tue Oct 10 13:20:30 UTC 2023,18,151158
Tue Oct 10 13:20:31 UTC 2023,18,151158
Tue Oct 10 13:20:31 UTC 2023,18,151158
Tue Oct 10 13:20:32 UTC 2023,18,151158
Tue Oct 10 13:20:33 UTC 2023,18,151158
Tue Oct 10 13:20:33 UTC 2023,18,151154
Tue Oct 10 13:20:34 UTC 2023,18,151158
Tue Oct 10 13:20:35 UTC 2023,18,151158
Tue Oct 10 13:20:36 UTC 2023,18,151158
Tue Oct 10 13:20:36 UTC 2023,18,151158
Tue Oct 10 13:20:36 UTC 2023,18,151158
Tue Oct 10 13:20:37 UTC 2023,18,151158
Tue Oct 10 13:20:37 UTC 2023,18,151158
Tue Oct 10 13:20:38 UTC 2023,18,151158
Tue Oct 10 13:20:39 UTC 2023,18,151158
Tue Oct 10 13:20:39 UTC 2023,18,151154
Tue Oct 10 13:20:39 UTC 2023,18,151162
Tue Oct 10 13:20:40 UTC 2023,18,151162
Tue Oct 10 13:20:40 UTC 2023,18,151158
Tue Oct 10 13:20:41 UTC 2023,18,151158
Tue Oct 10 13:20:41 UTC 2023,18,151158
Tue Oct 10 13:20:42 UTC 2023,18,151158
Tue Oct 10 13:20:42 UTC 2023,18,151158
Tue Oct 10 13:20:43 UTC 2023,18,151158
Tue Oct 10 13:20:43 UTC 2023,18,151158
Tue Oct 10 13:20:44 UTC 2023,18,151154
Tue Oct 10 13:20:45 UTC 2023,18,151158
Tue Oct 10 13:20:45 UTC 2023,18,151158
Tue Oct 10 13:20:46 UTC 2023,18,151158
Tue Oct 10 13:20:46 UTC 2023,18,151158
Tue Oct 10 13:20:46 UTC 2023,18,151158
Tue Oct 10 13:20:47 UTC 2023,18,151158
Tue Oct 10 13:20:48 UTC 2023,18,151158
Tue Oct 10 13:20:48 UTC 2023,18,151158
Tue Oct 10 13:20:48 UTC 2023,18,151158
Tue Oct 10 13:20:49 UTC 2023,18,151158
Tue Oct 10 13:20:49 UTC 2023,18,151154
Tue Oct 10 13:20:50 UTC 2023,18,151158
Tue Oct 10 13:20:51 UTC 2023,18,151158
Tue Oct 10 13:20:51 UTC 2023,18,151158
Tue Oct 10 13:20:52 UTC 2023,18,151158
Tue Oct 10 13:20:52 UTC 2023,18,151158
Tue Oct 10 13:20:53 UTC 2023,18,151158
Tue Oct 10 13:20:53 UTC 2023,18,151158
Tue Oct 10 13:20:54 UTC 2023,18,151158
Tue Oct 10 13:20:54 UTC 2023,18,151158
Tue Oct 10 13:20:55 UTC 2023,18,151154
Tue Oct 10 13:20:55 UTC 2023,18,151158
Tue Oct 10 13:20:56 UTC 2023,18,151158
Tue Oct 10 13:20:56 UTC 2023,18,151158
Tue Oct 10 13:20:57 UTC 2023,18,151158
Tue Oct 10 13:20:57 UTC 2023,18,151158
Tue Oct 10 13:20:58 UTC 2023,18,151158
Tue Oct 10 13:20:58 UTC 2023,18,151158
Tue Oct 10 13:20:59 UTC 2023,18,151158
Tue Oct 10 13:20:59 UTC 2023,18,151158
Tue Oct 10 13:21:00 UTC 2023,18,151154
Tue Oct 10 13:21:00 UTC 2023,18,151158
Tue Oct 10 13:21:01 UTC 2023,18,151158
Tue Oct 10 13:21:01 UTC 2023,18,151158
Tue Oct 10 13:21:02 UTC 2023,18,151158
Tue Oct 10 13:21:02 UTC 2023,18,151158
Tue Oct 10 13:21:03 UTC 2023,18,151158
Tue Oct 10 13:21:03 UTC 2023,18,151158
Tue Oct 10 13:21:04 UTC 2023,18,151158
Tue Oct 10 13:21:04 UTC 2023,18,151158
Tue Oct 10 13:21:05 UTC 2023,18,151158
Tue Oct 10 13:21:05 UTC 2023,18,151154
Tue Oct 10 13:21:06 UTC 2023,18,151158
Tue Oct 10 13:21:06 UTC 2023,18,151158
Tue Oct 10 13:21:07 UTC 2023,18,151158
Tue Oct 10 13:21:07 UTC 2023,18,151158
Tue Oct 10 13:21:08 UTC 2023,18,151158
Tue Oct 10 13:21:08 UTC 2023,18,151158
Tue Oct 10 13:21:09 UTC 2023,18,151158
Tue Oct 10 13:21:09 UTC 2023,18,151158
Tue Oct 10 13:21:10 UTC 2023,18,151158
Tue Oct 10 13:21:10 UTC 2023,18,151158
Tue Oct 10 13:21:11 UTC 2023,18,151158
Tue Oct 10 13:21:11 UTC 2023,18,151158
Tue Oct 10 13:21:12 UTC 2023,18,151158
Tue Oct 10 13:21:12 UTC 2023,18,151158
Tue Oct 10 13:21:13 UTC 2023,18,151158
Tue Oct 10 13:21:13 UTC 2023,18,151158
Tue Oct 10 13:21:14 UTC 2023,18,151158
Tue Oct 10 13:21:14 UTC 2023,18,151158
Tue Oct 10 13:21:15 UTC 2023,18,151158
Tue Oct 10 13:21:15 UTC 2023,18,151158
Tue Oct 10 13:21:16 UTC 2023,18,151154
Tue Oct 10 13:21:17 UTC 2023,18,151158
Tue Oct 10 13:21:17 UTC 2023,18,151158
Tue Oct 10 13:21:17 UTC 2023,18,151158
Tue Oct 10 13:21:18 UTC 2023,18,151158
Tue Oct 10 13:21:18 UTC 2023,18,151158
Tue Oct 10 13:21:19 UTC 2023,18,151158
Tue Oct 10 13:21:19 UTC 2023,18,151158
Tue Oct 10 13:21:20 UTC 2023,18,151158
Tue Oct 10 13:21:20 UTC 2023,18,151158
Tue Oct 10 13:21:21 UTC 2023,18,151154
